RideID,BranchName,BranchID,BranchLocation,LastHistoryDate
b6ad5ed1-909e-4532-b934-5c1795977673,City Branch,106,The City,23/03/2025
403b764e-eabb-40b2-be7f-ead3735603c1,Camden Branch,103,Camden,23/03/2025
73b50df7-4595-4239-ab46-3198da360468,City Branch,106,The City,23/03/2025
bacd044c-b7b4-43fe-b2c0-745c34afbc30,City Branch,106,The City,23/03/2025
786d5a2d-7520-4588-a34e-d0c52c241106,Greenwich Branch,104,Greenwich,23/03/2025
ced20960-4afa-418b-bd09-a4493a2af987,Heathrow Branch,102,Heathrow,23/03/2025
4fe62b67-53e8-4b20-aff3-d5eb3b2696fd,Camden Branch,103,Camden,23/03/2025
f9da7cc8-8ef6-43db-93c0-488334ef752e,West End Branch,105,West End,23/03/2025
6ecf4d45-4640-451c-bf57-f7c090f8a155,Greenwich Branch,104,Greenwich,23/03/2025
ec49910d-f6c1-46d7-a78a-9c9cc7bd4e7e,City Branch,106,The City,23/03/2025
844154c0-b937-4ae0-ae14-566e2cc7d797,Greenwich Branch,104,Greenwich,23/03/2025
7ee67e8c-3daa-485b-9cbb-b0f3a8b131e9,West End Branch,105,West End,23/03/2025
4a4518d2-12c9-45f1-ad89-003e0ffda0e0,City Branch,106,The City,23/03/2025
c9edb4e7-42b0-4193-89e0-b985b0ebce0c,West End Branch,105,West End,23/03/2025
1d65cade-cc15-4be7-ab0b-877000fe0416,Camden Branch,103,Camden,23/03/2025
185b1daf-cbdf-41bf-827e-3079ad7125a5,West End Branch,105,West End,23/03/2025
31334660-1e3d-4442-9e26-9cb382b83168,Heathrow Branch,102,Heathrow,23/03/2025
6cc5dd9e-2a55-46a8-8d78-633aa8a2b6b4,Camden Branch,103,Camden,23/03/2025
ab7ee810-f648-49b9-85c0-136ccc21bdbd,West End Branch,105,West End,23/03/2025
2246529b-778b-470b-a748-c499a195bd18,Greenwich Branch,104,Greenwich,23/03/2025
7d97e751-9ac1-4550-96a1-44be9810959c,City Branch,106,The City,23/03/2025
fe129df7-be24-4bbe-9039-a6cd1228f9dd,Camden Branch,103,Camden,23/03/2025
2a2dc0f1-ac9f-40bf-9fe4-821b68aabaf7,City Branch,106,The City,23/03/2025
d5131472-3caf-456f-b689-7b9229fb0260,Greenwich Branch,104,Greenwich,23/03/2025
147832ed-6305-4c89-8f65-ad60910a30b7,Greenwich Branch,104,Greenwich,23/03/2025
75141a09-0bca-4a46-8202-2683b35b04c8,Heathrow Branch,102,Heathrow,23/03/2025
327f6691-6d65-408a-98a5-061fdcb7da29,West End Branch,105,West End,23/03/2025
691b57ae-1748-42df-978d-e1f9283beb86,West End Branch,105,West End,23/03/2025
b984eca3-50c1-4384-b6bd-33374af2dc23,West End Branch,105,West End,23/03/2025
b988f77b-80c7-4775-89e7-45a2434570fe,West End Branch,105,West End,23/03/2025
c472ee59-65e6-4358-b4d0-6376b185b652,Central Branch,101,Soho,23/03/2025
0e6ef775-bbdd-45e7-85bf-9a9e6872d32d,Camden Branch,103,Camden,23/03/2025
677b80fd-4759-49ce-8496-cfd87a6d3d17,West End Branch,105,West End,23/03/2025
4ac770bb-b8c9-4854-b5a3-a7eca0b64921,City Branch,106,The City,23/03/2025
0279a6c0-a604-4a85-9d53-a5688b29b2f4,West End Branch,105,West End,23/03/2025
a891149c-037c-4b7e-afa4-047d5b6e9e5b,Camden Branch,103,Camden,23/03/2025
a1f0fe8d-445f-4846-b116-9c9ce5567b45,Greenwich Branch,104,Greenwich,23/03/2025
d2a6929f-dca8-4447-b445-96ba38072800,Camden Branch,103,Camden,23/03/2025
794bb718-f2b1-482f-8a54-4a499f0fe239,Greenwich Branch,104,Greenwich,23/03/2025
fbadc7fc-8858-4bf6-b8da-d6695674d7ce,Greenwich Branch,104,Greenwich,23/03/2025
025664d9-13b2-4f4f-8101-93ae514792a4,City Branch,106,The City,23/03/2025
b5a054cb-7917-4233-a415-70366a560ea1,Camden Branch,103,Camden,23/03/2025
692e01b0-6ae2-40dc-a425-39bcd6e441d1,Central Branch,101,Soho,23/03/2025
eb8ec34a-3610-4633-a17c-ef440ea76614,Central Branch,101,Soho,23/03/2025
a606a9ed-d985-4475-9213-8fae4512d41a,Camden Branch,103,Camden,23/03/2025
fca441cf-3923-4b9b-be00-9eeb0e912575,City Branch,106,The City,23/03/2025
74b7dfd3-d80f-48b1-9ec0-9a9b529794ba,City Branch,106,The City,23/03/2025
1fc1b245-7e51-4193-a259-f1dabf8e7c2a,City Branch,106,The City,23/03/2025
789c209f-210c-4dd9-8cb3-0174eb31abc3,Central Branch,101,Soho,23/03/2025
6b2f9d6d-e274-4781-99fd-c96e8ccc33fa,Heathrow Branch,102,Heathrow,23/03/2025
37dd3920-1cbc-4e49-b742-da7c8229509c,Heathrow Branch,102,Heathrow,23/03/2025
1c8b89af-2fa7-4fa0-9da2-e98421aae467,West End Branch,105,West End,23/03/2025
46d2f39a-3337-4a1c-8464-d3b0495bfdfd,City Branch,106,The City,23/03/2025
a3402217-2fb7-4f4b-93fd-3f7202aba536,Heathrow Branch,102,Heathrow,23/03/2025
8163538d-1350-4145-aa42-37efe4c438d2,Camden Branch,103,Camden,23/03/2025
bb651dc3-3a21-4769-8df1-0d8e85b974c9,Central Branch,101,Soho,23/03/2025
e9f5e1fa-d204-496e-9691-507677e7aaee,Greenwich Branch,104,Greenwich,23/03/2025
b4807880-c3b1-4ef0-8ac7-1e2092045847,Camden Branch,103,Camden,23/03/2025
93e3c21d-7684-49c3-8b5a-c7bc4f8e164e,Camden Branch,103,Camden,23/03/2025
4e5036a6-d3ca-45b0-a773-e103543ea0a7,West End Branch,105,West End,23/03/2025
30a8835e-f912-4fa9-83f9-2f0997c0eed6,City Branch,106,The City,23/03/2025
6a645481-a0f9-403c-8dc6-98a1cb8b397d,City Branch,106,The City,23/03/2025
f4dee7a3-6615-4456-841d-8deec9bce6de,Central Branch,101,Soho,23/03/2025
9592e142-78c9-4b1c-961a-3a925c33d645,City Branch,106,The City,23/03/2025
52c338e9-b1ac-4b24-a421-5b35ae250a4d,City Branch,106,The City,23/03/2025
0e0b77eb-fd71-44bf-a64c-89dffc43c824,Greenwich Branch,104,Greenwich,23/03/2025
c2d464c7-431f-473f-ae40-e636f717d31e,Heathrow Branch,102,Heathrow,23/03/2025
7a64923c-3138-4748-aac6-1eb1545ffcc1,Camden Branch,103,Camden,23/03/2025
d4c17da9-fcdc-4c83-94db-4d1c7b2e850b,Greenwich Branch,104,Greenwich,23/03/2025
c37a4c02-499a-40bd-ba01-4648f7b20eab,Heathrow Branch,102,Heathrow,23/03/2025
79419ead-f266-488d-91d2-e2f6b3f81b61,West End Branch,105,West End,23/03/2025
0fad305f-4d24-48a9-9d72-288a368140e1,West End Branch,105,West End,23/03/2025
c969e101-9afa-4b5a-9c71-121fa54cac3a,Central Branch,101,Soho,23/03/2025
aca56ad6-92c7-448b-84ed-359fa19a81dd,City Branch,106,The City,23/03/2025
f332dc38-af57-40e3-84e6-d7adfc273ebf,City Branch,106,The City,23/03/2025
ffafbf00-212f-406c-83a8-90e04af5e6c9,West End Branch,105,West End,23/03/2025
39a154f6-ff3f-4aad-911e-e0ec239dd129,Camden Branch,103,Camden,23/03/2025
0b3b6dca-dc58-45fd-bce3-4cb68266266f,West End Branch,105,West End,23/03/2025
c93e6332-8268-4f97-8a46-e4b090b16f76,Central Branch,101,Soho,23/03/2025
ba6a897c-826a-4849-90fc-cf63f7c697c9,Heathrow Branch,102,Heathrow,23/03/2025
f74ec11a-9d7b-48d9-86de-31287e4190a9,City Branch,106,The City,23/03/2025
20c6c843-4b67-4844-b3e6-7799c44f10c8,Central Branch,101,Soho,23/03/2025
4af5c697-d2b9-4f03-9b4b-46bbd4928033,Heathrow Branch,102,Heathrow,23/03/2025
1c4c93ef-3fa0-4144-b512-d26f82f13e30,City Branch,106,The City,23/03/2025
a0f936eb-f331-4620-97ac-2201a07462a8,Central Branch,101,Soho,23/03/2025
8b0a3226-da16-4d5e-bb8e-895f1c02d5bc,West End Branch,105,West End,23/03/2025
c05ceaab-a542-45e1-8231-0e74d4ad1a83,Central Branch,101,Soho,23/03/2025
71f9bfa8-53d1-4f2f-8446-99566a548f36,Central Branch,101,Soho,23/03/2025
d39888ee-8d89-44bc-bac8-33dd57e009f8,Central Branch,101,Soho,23/03/2025
0ecdf83c-17fb-4e3c-9bc7-9c8d996e282d,Central Branch,101,Soho,23/03/2025
3f1596a7-abba-4b07-820b-e9d5999ba66d,City Branch,106,The City,23/03/2025
fcb46a77-3a86-4c5e-b1c4-aea9ab69d61e,Greenwich Branch,104,Greenwich,23/03/2025
cc075925-60d3-4a56-8ad3-242ace4f70df,West End Branch,105,West End,23/03/2025
f2a6f9fa-cf22-406e-bab1-3140bb93bfb5,West End Branch,105,West End,23/03/2025
b592b272-444c-4b36-82bd-811a6cf931db,West End Branch,105,West End,23/03/2025
27e25eaf-6278-4655-a99d-d654ec1dace0,Camden Branch,103,Camden,23/03/2025
d772f3eb-f0d3-48aa-9fd7-1b6b002b09e1,Camden Branch,103,Camden,23/03/2025
d4219c54-1c15-485e-9f81-8de4a52590f6,Heathrow Branch,102,Heathrow,23/03/2025
2d3dd426-5f13-438e-957b-ca59a778391a,Camden Branch,103,Camden,23/03/2025
efeb19b5-496d-4987-b6ae-419ea96ce19a,City Branch,106,The City,23/03/2025
dcd8ff17-d96c-4077-aa69-fb22bf6d5d29,Central Branch,101,Soho,23/03/2025
a3659cfe-41c2-43b2-8514-0a3cf951d670,Greenwich Branch,104,Greenwich,23/03/2025
6d8f6d07-0d6d-44df-893a-55e99073edbe,Central Branch,101,Soho,23/03/2025
80474a9b-d904-4bd2-b352-ad508c623db5,Camden Branch,103,Camden,23/03/2025
9e9f125b-91a8-4011-b42a-7a34312c93ed,Camden Branch,103,Camden,23/03/2025
973e9677-6999-413d-b6f7-70e55bf5188e,West End Branch,105,West End,23/03/2025
7a6aca11-77e7-4f05-bc2b-ebbd02f10404,Camden Branch,103,Camden,23/03/2025
bb105959-94c6-480e-b29c-b3b30cd29fe0,City Branch,106,The City,23/03/2025
835f32c5-1122-42f3-8bca-79a678f4868d,Greenwich Branch,104,Greenwich,23/03/2025
27b15adc-8d65-4094-90a1-fe724fac1b39,West End Branch,105,West End,23/03/2025
f51be684-6946-43b1-93ef-ab71d3ace943,Central Branch,101,Soho,23/03/2025
2df68882-38de-4f44-ae2e-49aef0b17971,City Branch,106,The City,23/03/2025
8a721680-bfd7-4892-9349-724611225823,Greenwich Branch,104,Greenwich,23/03/2025
cbc8ce90-4bc6-4542-9302-9e51d9461e6a,Greenwich Branch,104,Greenwich,23/03/2025
7c3397ab-e364-4459-9bc5-14e90da765d4,West End Branch,105,West End,23/03/2025
abd935a7-423b-41fa-b21d-727b7e3ee04e,Central Branch,101,Soho,23/03/2025
71aca987-742f-43f9-b0b6-9906c4ffe4f8,Central Branch,101,Soho,23/03/2025
a61810dd-8393-4228-b8a1-3cde63cf5fa5,Central Branch,101,Soho,23/03/2025
5bc1acff-d637-4f3b-9143-c9536faa9ee6,Heathrow Branch,102,Heathrow,23/03/2025
e5f79b8f-be4c-4f79-90a5-a6ab1871a9cc,West End Branch,105,West End,23/03/2025
0a4b83cf-6187-43c2-a458-1cdb326e5dd1,Camden Branch,103,Camden,23/03/2025
dd48eda2-e4f3-43a7-aa66-5babc6fa02ec,Heathrow Branch,102,Heathrow,23/03/2025
0a214b34-d1a9-4a8b-9511-a0d8694bcae7,Camden Branch,103,Camden,23/03/2025
cf344030-52b0-49cf-8163-694290b129d8,Camden Branch,103,Camden,23/03/2025
df0b512a-0e48-4439-a448-22e48a369039,Central Branch,101,Soho,23/03/2025
e168b0d4-a620-459c-a634-d0582b6f994a,Greenwich Branch,104,Greenwich,23/03/2025
1fa548fd-1b72-432a-a6c9-0d1de68b7401,Greenwich Branch,104,Greenwich,23/03/2025
e71eb74f-3322-4b02-8018-02791d085212,Central Branch,101,Soho,23/03/2025
4066a46e-bb1b-438c-8ae8-174e348d7f32,Greenwich Branch,104,Greenwich,23/03/2025
2b1446aa-04e0-48b9-a411-8d6cd2a6d4a3,Heathrow Branch,102,Heathrow,23/03/2025
34ec4d9d-d00e-4700-909d-f449094dd97c,West End Branch,105,West End,23/03/2025
582f1bd2-5b70-4a22-a57f-f5b1df8ef595,City Branch,106,The City,23/03/2025
fe4fd1de-92d6-4ad1-849c-be4de5863354,Heathrow Branch,102,Heathrow,23/03/2025
739cf6cb-1d4e-46dc-9483-fa41048497c0,Central Branch,101,Soho,23/03/2025
4d452423-0d07-4307-a5ec-8c9d19236edd,Heathrow Branch,102,Heathrow,23/03/2025
f4d261cd-884a-45e7-8334-99889e6c356c,City Branch,106,The City,23/03/2025
409c7b79-c810-46cc-a530-47819ff49435,Camden Branch,103,Camden,23/03/2025
32de40be-7742-4d51-8a68-3c4cc8da9d24,Camden Branch,103,Camden,23/03/2025
51f06131-02f8-4c11-b810-6c304fbdf866,Greenwich Branch,104,Greenwich,23/03/2025
9fcaae27-fefa-4654-a9be-565e4f857d2a,West End Branch,105,West End,23/03/2025
51201e51-7b56-4f27-a83d-d0292982a82f,Greenwich Branch,104,Greenwich,23/03/2025
0b64ff5f-04e6-4e20-bb0a-60c8633ff217,Heathrow Branch,102,Heathrow,23/03/2025
1ef3780c-8707-4d38-b1d1-6fac87264099,Greenwich Branch,104,Greenwich,23/03/2025
3ebc5f68-c0ce-4d50-bd23-3cccc0c2731e,Camden Branch,103,Camden,23/03/2025
fce90bda-f39d-4f22-819c-7445afa3e66a,Camden Branch,103,Camden,23/03/2025
a802aa03-80d9-4eda-a98d-3962b7b393d0,Central Branch,101,Soho,23/03/2025
5b87f602-a5a1-420a-bfe7-c57d5e4d81a4,Camden Branch,103,Camden,23/03/2025
e1ffcdc4-a6f1-423b-ab3e-d02b1ddce2ae,City Branch,106,The City,23/03/2025
d98e5234-be7f-42c6-95f1-4499192f7196,Central Branch,101,Soho,23/03/2025
dd9e075c-a402-4d7f-bb84-003dd1984f52,West End Branch,105,West End,23/03/2025
6648e05e-9677-404d-acee-f4b7488c20de,Heathrow Branch,102,Heathrow,23/03/2025
0bcc35b2-d2e2-49e6-be37-5624e74ebba7,Heathrow Branch,102,Heathrow,23/03/2025
d114f041-9371-4468-b412-aa9ec0132c11,Camden Branch,103,Camden,23/03/2025
779f7503-2d50-4e35-a7cb-f2d7e07cef85,West End Branch,105,West End,23/03/2025
135206f1-8876-4bd5-9aa0-2b68fb6ec169,West End Branch,105,West End,23/03/2025
08aca294-e83b-4ab0-932f-731ce32043e0,West End Branch,105,West End,23/03/2025
7b439e8f-3a7a-4d5b-afbe-6f75709b9d47,Heathrow Branch,102,Heathrow,23/03/2025
b0e473f8-5a0b-49e3-90ff-60dbf4d788e3,Camden Branch,103,Camden,23/03/2025
a165eea0-edf9-4e30-b181-2d145221bfc3,Greenwich Branch,104,Greenwich,23/03/2025
30e37a12-c9a2-4c05-87b3-29f0e66f4404,City Branch,106,The City,23/03/2025
3cd89665-3801-4389-8b6b-fd01f8344cd7,Greenwich Branch,104,Greenwich,23/03/2025
959ca831-91e6-410e-b202-ccbc31fc809f,Central Branch,101,Soho,23/03/2025
d30f8456-b141-41c2-82b0-84ee589fc271,Central Branch,101,Soho,23/03/2025
c820cff3-7a97-4263-a58d-0942a6cb5462,Greenwich Branch,104,Greenwich,23/03/2025
d883c97d-eacb-46dd-9b4c-e8e7956b3bc8,West End Branch,105,West End,23/03/2025
a4f2289f-757e-480b-a1ce-d08b03215ddd,West End Branch,105,West End,23/03/2025
537355ee-f5fd-49f1-ae54-f9f1c3acdf06,Central Branch,101,Soho,23/03/2025
11b8e7dc-06bf-45b0-8478-04ea0739356a,Heathrow Branch,102,Heathrow,23/03/2025
5da11341-5f03-497a-80ba-2dedab75ac4f,West End Branch,105,West End,23/03/2025
541659ef-48d4-4154-8cde-7fdd1664a622,Camden Branch,103,Camden,23/03/2025
54368d91-450f-4d1f-bd3f-9f7a2dd43f2e,Heathrow Branch,102,Heathrow,23/03/2025
161efda3-e1f6-4e6b-abc7-77fda714a0ba,Camden Branch,103,Camden,23/03/2025
dd1ab738-affa-470d-bf45-5948a4f0d712,Greenwich Branch,104,Greenwich,23/03/2025
5f714fab-0b49-4df7-9910-e8f500abd3f7,West End Branch,105,West End,23/03/2025
8f6a1326-5155-4d2d-bf6f-7b5fba70f266,Camden Branch,103,Camden,23/03/2025
5742a827-56a4-4895-94e4-dc5f913f23d6,Camden Branch,103,Camden,23/03/2025
dd8fc00a-3335-458c-b15a-f2ffd659a309,West End Branch,105,West End,23/03/2025
85460a72-ac73-4e71-9479-6de40c3c5980,Heathrow Branch,102,Heathrow,23/03/2025
b165ed8c-2087-4938-9d0c-ce341c330cf9,Camden Branch,103,Camden,23/03/2025
39f2631c-d4cb-46a4-876a-d719d15b5e7a,City Branch,106,The City,23/03/2025
2af1d724-7e47-4647-bcb9-1c49f29a8bce,Heathrow Branch,102,Heathrow,23/03/2025
15193580-250f-4cea-ad51-415952ed6c1e,Central Branch,101,Soho,23/03/2025
7703e3d2-952c-4b92-bb90-45836caf8630,City Branch,106,The City,23/03/2025
cf8b480c-863a-4f13-8099-c35ce7d9c0a8,Camden Branch,103,Camden,23/03/2025
c237cbb7-7c99-458f-87cc-b31185f2d8ee,Greenwich Branch,104,Greenwich,23/03/2025
281fbf9a-c446-4002-8d97-f44ba29e8471,City Branch,106,The City,23/03/2025
ca916b97-b902-49f4-beac-45e8c85d0276,Heathrow Branch,102,Heathrow,23/03/2025
dcd001de-9f38-4584-8389-ccf943b5dbb9,Greenwich Branch,104,Greenwich,23/03/2025
776178f9-36c1-4c23-ac84-e19d03b9c626,Greenwich Branch,104,Greenwich,23/03/2025
1cbc62c0-d4bc-49a0-b47e-16bc2691b49b,Heathrow Branch,102,Heathrow,23/03/2025
21510b73-3df5-4f10-9b6e-9fd5abf16d6a,Camden Branch,103,Camden,23/03/2025
a94d82dd-9ad0-4609-956a-b5b3a22bb19b,Central Branch,101,Soho,23/03/2025
932d645e-82c8-4aea-932d-f33e5ca4d89b,Greenwich Branch,104,Greenwich,23/03/2025
92eab6ed-2cfa-4e11-a92f-e7a11ca23853,City Branch,106,The City,23/03/2025
4627f188-536d-438d-928e-f49fc15b68ee,Camden Branch,103,Camden,23/03/2025
683dc363-535a-447f-9aa0-cd46a7baf6e2,Heathrow Branch,102,Heathrow,23/03/2025
787f205d-8ae7-496d-b531-3924bbb080c9,City Branch,106,The City,23/03/2025
2b25f899-1612-4f51-8622-8a928f2e9d5e,West End Branch,105,West End,23/03/2025
8e952c62-62e6-41cf-be40-428233e20d10,Greenwich Branch,104,Greenwich,23/03/2025
bd4dd91e-c4da-4cba-97a3-c42630a52809,Heathrow Branch,102,Heathrow,23/03/2025
71d9e060-45ae-44ab-bcaf-0bb766e0f0fa,Heathrow Branch,102,Heathrow,23/03/2025
73fd30e1-c21f-4f45-86f9-3160f8c034d1,Central Branch,101,Soho,23/03/2025
21be6df3-5ed5-4164-a74f-923ee81dddd3,Heathrow Branch,102,Heathrow,23/03/2025
d5526d76-0a71-4b49-ac8d-c0feb284fa69,Camden Branch,103,Camden,23/03/2025
8d85d517-f09e-44e1-a599-e5d9908c736b,Central Branch,101,Soho,23/03/2025
83d57e13-a434-4144-8cc4-0ef69a110775,Central Branch,101,Soho,23/03/2025
8313033e-a59e-4725-b9d9-987748390da2,Greenwich Branch,104,Greenwich,23/03/2025
644cb1b9-ebf2-4577-99dc-0146e822a2e5,West End Branch,105,West End,23/03/2025
0370e34c-7c6d-4a3e-bed3-0ee1ec64ae4e,City Branch,106,The City,23/03/2025
aa729649-5aa5-4c45-94ca-6e14cc55e879,West End Branch,105,West End,23/03/2025
fbc18545-15eb-4952-b434-284a3c70dd35,City Branch,106,The City,23/03/2025
70f2a757-0bbd-4f64-ab70-fa7be25c5f76,West End Branch,105,West End,23/03/2025
609751ca-e56f-48c5-8dba-c2122469564c,Camden Branch,103,Camden,23/03/2025
ba934817-f748-4819-997e-4537090f60d4,West End Branch,105,West End,23/03/2025
f0866375-be22-48fa-992c-689d2fcaeb70,Heathrow Branch,102,Heathrow,23/03/2025
bb5ece3e-ae10-4703-84b4-8be74b5102e3,West End Branch,105,West End,23/03/2025
cab20120-c5b1-4cff-80ba-86a4e6737f47,City Branch,106,The City,23/03/2025
9a069557-4926-4a93-aa16-e025a05b3e86,Camden Branch,103,Camden,23/03/2025
11c1e4cb-8338-43b8-b997-857c71897692,City Branch,106,The City,23/03/2025
8b9bb070-8320-476f-8df8-f5512bd27a62,Central Branch,101,Soho,23/03/2025
3b14214e-a895-4738-8e91-e5a2b46a924c,City Branch,106,The City,23/03/2025
f5157446-b6e7-494d-b3bb-813e3b78e522,Greenwich Branch,104,Greenwich,23/03/2025
962db188-97ad-4001-941a-b71a2f438a13,Camden Branch,103,Camden,23/03/2025
d3fe3528-0023-4e77-b78a-81236b434ac9,City Branch,106,The City,23/03/2025
f6d04c44-8ca0-4b65-8fdb-c0dfcbd16b67,Heathrow Branch,102,Heathrow,23/03/2025
dbf28a4a-d3bd-488c-9932-23e5802572a2,Central Branch,101,Soho,23/03/2025
66207418-f319-419e-b952-47c817b40281,Camden Branch,103,Camden,23/03/2025
7d26a152-58e7-4cfd-bcc6-20569495d61e,City Branch,106,The City,23/03/2025
9752e639-398a-47f2-b014-da284593758d,City Branch,106,The City,23/03/2025
eadb83c0-2a13-4010-bd6e-775154ae6b76,Camden Branch,103,Camden,23/03/2025
20fa606f-bb91-4fcd-b2c3-c73dc7a178c8,Greenwich Branch,104,Greenwich,23/03/2025
4aada269-5079-4c29-8243-3112201d3c7a,West End Branch,105,West End,23/03/2025
f37ba6f5-c8a6-44b7-8e75-a9e32539a4ff,Greenwich Branch,104,Greenwich,23/03/2025
92a798d6-034e-4035-89f5-ac589c8d9b96,West End Branch,105,West End,23/03/2025
a1567dd0-cd38-4d1e-905c-e0f0d9b7a968,West End Branch,105,West End,23/03/2025
3aece816-9a43-4cf1-a57b-1d7ff17a4f37,City Branch,106,The City,23/03/2025
87f04653-68d5-41ec-96ae-0a546a0f8e97,Camden Branch,103,Camden,23/03/2025
9fe42de4-e407-45f2-9348-1ad81e2220be,Heathrow Branch,102,Heathrow,23/03/2025
6f6e978a-db14-4142-9316-7a93df6f8bbd,Heathrow Branch,102,Heathrow,23/03/2025
9b2c3be4-fea3-4a0c-8952-7024630a0c03,City Branch,106,The City,23/03/2025
4cbc8043-69cd-403a-bc78-8c283838bd10,Camden Branch,103,Camden,23/03/2025
a7204fdd-1aec-4129-a11b-c7da213d8b4f,Camden Branch,103,Camden,23/03/2025
266fe92d-6849-4187-a58f-996803b74e90,Greenwich Branch,104,Greenwich,23/03/2025
82ac16f0-680d-4a66-9d40-c37d28603b5e,City Branch,106,The City,23/03/2025
091912b4-5859-47d7-b6bc-646a0cf2c6b4,West End Branch,105,West End,23/03/2025
281165cd-b086-45b1-9e67-0f091d2116f3,Heathrow Branch,102,Heathrow,23/03/2025
62ea3ac5-2076-4ac7-ae39-997ac7e34c09,Heathrow Branch,102,Heathrow,23/03/2025
d82bcd67-a3d7-4388-96fa-4beb07f976b0,West End Branch,105,West End,23/03/2025
8e6c5e6f-9afe-4744-b132-708f92e46e1f,West End Branch,105,West End,23/03/2025
e051483a-071b-4422-91a7-b7f45c907899,City Branch,106,The City,23/03/2025
2766d729-7065-4eed-9013-f9cc1c1c9c4e,City Branch,106,The City,23/03/2025
1b8752b8-ee5a-42c1-915b-1e8ebc606100,Central Branch,101,Soho,23/03/2025
93ca5df8-c787-4471-bff1-fc135e50845b,Central Branch,101,Soho,23/03/2025
7eb51927-b008-406b-a918-cc5eb0f31f65,Central Branch,101,Soho,23/03/2025
31787f0a-eb6d-4148-a04c-ae0038fbdd5c,Camden Branch,103,Camden,23/03/2025
d286ce97-cf88-42f0-b5c6-7fa9e7bc2596,Camden Branch,103,Camden,23/03/2025
7bfdd0ba-f351-439c-ac96-9d62a3226bd7,Greenwich Branch,104,Greenwich,23/03/2025
53b7f822-97db-41d8-a6db-9afcb3bc6ea2,Greenwich Branch,104,Greenwich,23/03/2025
0d4832c5-fe3c-4ce8-b47f-f4f6f1aee543,City Branch,106,The City,23/03/2025
8534f0e6-ad65-4d89-8504-59f95e264b30,Greenwich Branch,104,Greenwich,23/03/2025
41b023e9-e3d4-4c75-ac47-1105a57470a7,Heathrow Branch,102,Heathrow,23/03/2025
7562adab-486e-4484-90b2-80e7bb0f32c6,West End Branch,105,West End,23/03/2025
fd792678-bbe4-4c2b-b821-1d21445279e8,Camden Branch,103,Camden,23/03/2025
90485598-2eff-4d98-b42d-43f8a5258280,Camden Branch,103,Camden,23/03/2025
67011fd7-994f-4db3-a7d2-7557e3529a59,Greenwich Branch,104,Greenwich,23/03/2025
ec9b69d1-718d-4564-be3c-0e28499f9512,City Branch,106,The City,23/03/2025
659bd804-dfb3-4b30-a86e-8827746e9887,Greenwich Branch,104,Greenwich,23/03/2025
f4b0ae66-5788-40ce-9a62-a49bfb7bb113,Greenwich Branch,104,Greenwich,23/03/2025
5a5785dc-e3d7-4367-9b2a-6bd1550763fc,Central Branch,101,Soho,23/03/2025
c915dec4-a224-4b2b-8b09-769ca57ae1ef,Heathrow Branch,102,Heathrow,23/03/2025
aa2a1b09-868d-4b71-8ac5-544aa64a2a52,City Branch,106,The City,23/03/2025
8a0970a2-76eb-4204-b9ed-473abd148946,Heathrow Branch,102,Heathrow,23/03/2025
0ee641a2-457c-43d8-8350-263cdc1a0a0d,City Branch,106,The City,23/03/2025
291174f4-67bc-4e82-8ba3-9770926f2626,City Branch,106,The City,23/03/2025
ae6b74e9-3b4d-48d5-93ed-faa4ec36864b,Heathrow Branch,102,Heathrow,23/03/2025
2c3bf50d-4ef2-4099-aafb-d909dfc0d1ef,Greenwich Branch,104,Greenwich,23/03/2025
4fdeaa92-1dcc-45c8-b1b3-15eac2f1fc0f,Heathrow Branch,102,Heathrow,23/03/2025
d36c5e31-af45-413f-ba5a-334830f58152,Greenwich Branch,104,Greenwich,23/03/2025
7efb2131-9eaf-47e3-95f6-9b6f2dbbb844,City Branch,106,The City,23/03/2025
c592912f-4c43-4da4-b6f7-0760f5e70699,Greenwich Branch,104,Greenwich,23/03/2025
4c5b4f62-cfac-4ea2-9a7b-9801037acd8c,West End Branch,105,West End,23/03/2025
ed45df83-08b1-42e7-91ec-ffb146fd2cc2,West End Branch,105,West End,23/03/2025
e03342b3-2f02-4cb4-ab4a-da16798d778f,Heathrow Branch,102,Heathrow,23/03/2025
a0e35fda-b76f-4fb8-8826-bff6babe8109,Heathrow Branch,102,Heathrow,23/03/2025
3d59dd02-5465-41ad-8b79-8cf7f056856b,Camden Branch,103,Camden,23/03/2025
58bb14d2-d4f4-44b7-9c24-fbbf7e52ff50,Central Branch,101,Soho,23/03/2025
551da613-d25e-4d76-8804-8cc7297142df,Central Branch,101,Soho,23/03/2025
ba239f4c-8da8-4f17-87d7-782bf6be3d83,Greenwich Branch,104,Greenwich,23/03/2025
a311051b-45e5-4d7f-a8f5-2e385a69b025,City Branch,106,The City,23/03/2025
965fc80f-9515-49a2-bc72-e50812ff72bd,Greenwich Branch,104,Greenwich,23/03/2025
55ffcfeb-a62c-4170-bf15-e87f7347c186,Greenwich Branch,104,Greenwich,23/03/2025
80932263-0543-476d-986c-88d116a9b64a,City Branch,106,The City,23/03/2025
2209fab0-0520-48df-bac8-e5e5663e7a1b,West End Branch,105,West End,23/03/2025
0d23a0f9-55d3-4b0b-a3d5-f74851fa5bf4,West End Branch,105,West End,23/03/2025
5db2bbd0-6665-4db1-a7a5-f0105d8dc609,Camden Branch,103,Camden,23/03/2025
19f4d600-b1e0-4f8e-885f-f038e57df726,West End Branch,105,West End,23/03/2025
12c20138-c1f0-42e9-b68d-f3bca422c54b,Heathrow Branch,102,Heathrow,23/03/2025
2676b771-c03a-4735-afd8-fbb9b1ad6f95,Central Branch,101,Soho,23/03/2025
c24fd8f8-6dc8-41a5-bc06-f640b727aa1a,Camden Branch,103,Camden,23/03/2025
40ea9475-5a1c-4b17-9637-6267d46ea7af,Camden Branch,103,Camden,23/03/2025
b4905aa6-f5bb-4a3c-9529-eecc6cd74142,Central Branch,101,Soho,23/03/2025
88aa4481-b65f-4c7f-961d-a5425e702e54,Heathrow Branch,102,Heathrow,23/03/2025
441697e5-20d7-4a7f-9207-2ff335de529d,City Branch,106,The City,23/03/2025
2e6bd2c1-cd5e-4df7-b6c9-6b1eb0fadf57,Greenwich Branch,104,Greenwich,23/03/2025
678e3e4a-975d-4036-9dfa-07036edbf76c,City Branch,106,The City,23/03/2025
7c15d68f-8a6e-42ba-9299-54baea4a3951,Camden Branch,103,Camden,23/03/2025
51f86306-e24a-472e-ac2b-b9122ec4b291,Central Branch,101,Soho,23/03/2025
514585eb-7624-4856-aa11-f51eab91b0ee,City Branch,106,The City,23/03/2025
fa1b1d87-6dfa-45e1-a4e4-f1d45949d85e,City Branch,106,The City,23/03/2025
9a9f8b49-38f9-4f97-b25c-efacea3eeaad,Greenwich Branch,104,Greenwich,23/03/2025
b6b83c9f-a7e3-4a68-91eb-481edfa0b285,Greenwich Branch,104,Greenwich,23/03/2025
76ca09b1-13e0-48cf-8fc2-da8ab2132232,West End Branch,105,West End,23/03/2025
26cd4f55-77a6-412e-9b67-64f23ecaf852,Camden Branch,103,Camden,23/03/2025
aca30b0b-2de4-457a-a899-18b3c142ad46,West End Branch,105,West End,23/03/2025
0d715ea1-bfaa-4784-849b-27d65a4fa705,West End Branch,105,West End,23/03/2025
cc10bead-6e71-4b5e-b11c-1d714ea0efa0,Camden Branch,103,Camden,23/03/2025
e4be77db-55c2-414f-bc00-a4bc50f05a74,Central Branch,101,Soho,23/03/2025
fed36e53-e1a6-4a30-b507-9ddbbe4143c7,City Branch,106,The City,23/03/2025
72e12b61-57f8-499e-8888-ae88720cb37e,Camden Branch,103,Camden,23/03/2025
f31fa9e2-a347-4a07-8fd4-ba8dca9f4fcb,Heathrow Branch,102,Heathrow,23/03/2025
39b4cbe3-548f-4ea7-aef2-bf0d99d11f4b,Heathrow Branch,102,Heathrow,23/03/2025
de97bd67-f9b6-40cc-bd46-cb4a8f82e20e,Heathrow Branch,102,Heathrow,23/03/2025
af1bfd93-c82b-441c-82cd-59c5818e85ba,Camden Branch,103,Camden,23/03/2025
838687e4-5415-4406-baf1-27a48e0ecdbe,West End Branch,105,West End,23/03/2025
27762749-9df6-4df4-ba72-135e7c548aaf,Central Branch,101,Soho,23/03/2025
e45a53ec-2d83-46a2-a4ae-c56afc2e4f7a,City Branch,106,The City,23/03/2025
875037c6-b4e8-4163-adb1-9f4eb4b14038,Greenwich Branch,104,Greenwich,23/03/2025
56d9e95c-5550-4fff-b9e9-6e85d521b583,Camden Branch,103,Camden,23/03/2025
2228be80-a2e2-4b7d-9dbe-7d07d43a5fd4,West End Branch,105,West End,23/03/2025
96d35aaa-b292-41a7-b05a-41c7cc53627b,Camden Branch,103,Camden,23/03/2025
e93bbc4a-8537-4394-b9d2-dc17b488e737,Central Branch,101,Soho,23/03/2025
e8366d8a-48b8-4947-89f1-d1130706c042,City Branch,106,The City,23/03/2025
258799b3-3512-40dc-98aa-cfc271e7cb8a,Heathrow Branch,102,Heathrow,23/03/2025
2f39638f-6d97-4767-a78a-2a7350fde5f6,West End Branch,105,West End,23/03/2025
542f550f-aa69-4139-82be-44e1fe11a3fe,West End Branch,105,West End,23/03/2025
fcaca6c8-1fca-4daa-a336-dd4baaa13f8a,Heathrow Branch,102,Heathrow,23/03/2025
34497ab4-bc4d-4adb-96b1-91e4559be49b,Greenwich Branch,104,Greenwich,23/03/2025
c22d5830-aedb-45df-89a3-5353abc94e70,Greenwich Branch,104,Greenwich,23/03/2025
dc2fe107-85ff-4ee6-97e3-20513ea7432d,West End Branch,105,West End,23/03/2025
39245f28-f50c-4f8f-b67b-0dbb2c5659bc,Central Branch,101,Soho,23/03/2025
a207bce9-96b5-4a1b-bf4f-99332f4954fc,West End Branch,105,West End,23/03/2025
9e9e01e3-4652-40df-afff-ad0f2225aab3,West End Branch,105,West End,23/03/2025
732d60b0-0928-4e64-842b-7bfb3354582a,Heathrow Branch,102,Heathrow,23/03/2025
bec0e239-a1e0-4d61-bdb8-788048a3fe57,Camden Branch,103,Camden,23/03/2025
fd29469a-b59a-48ee-aa83-b1e3b849be29,Heathrow Branch,102,Heathrow,23/03/2025
7d521a5a-2e51-42e8-9eaa-01448f3a636f,City Branch,106,The City,23/03/2025
84605e2b-6798-4579-9cd9-fc7a0baccbaa,Central Branch,101,Soho,23/03/2025
ac3b26e2-0d6f-49dd-912e-34180b88a1c9,Camden Branch,103,Camden,23/03/2025
24c89846-a812-4f96-9801-56cd09682dd9,Central Branch,101,Soho,23/03/2025
c0648169-3700-4915-ae55-75fdbdb1e96d,Camden Branch,103,Camden,23/03/2025
ae38a719-73e8-4a81-b2e3-993c233091d9,West End Branch,105,West End,23/03/2025
51fbbab0-99a0-4181-91f4-ba4b52774fac,West End Branch,105,West End,23/03/2025
5e96db28-4b6d-4818-8c2d-d774bc82f6e6,City Branch,106,The City,23/03/2025
0c29f383-4906-490e-a339-383c2c081f17,Greenwich Branch,104,Greenwich,23/03/2025
8999bc5a-a20b-42ca-b3e4-5ceb65ac5372,Camden Branch,103,Camden,23/03/2025
466ad769-83ad-4708-b063-df12f555578e,Greenwich Branch,104,Greenwich,23/03/2025
da3ea669-b832-4a2e-91d7-6942ce9f8f80,Heathrow Branch,102,Heathrow,23/03/2025
7f4c37b8-1cc2-4e12-9be9-b3e937beea09,West End Branch,105,West End,23/03/2025
595d50ea-3241-4a3a-8124-82c0a7a841a1,Greenwich Branch,104,Greenwich,23/03/2025
209aae1d-59c0-4037-985b-52bd9bd88026,Greenwich Branch,104,Greenwich,23/03/2025
ba530c57-8640-42fe-82ba-e0e2ecffeccb,Greenwich Branch,104,Greenwich,23/03/2025
588bc976-0401-4bfb-b730-8f4cf0466b1a,West End Branch,105,West End,23/03/2025
fb962e3a-5334-4054-9d87-b13e6155621f,City Branch,106,The City,23/03/2025
17514ec4-55f2-4ca4-8499-577706b03047,Camden Branch,103,Camden,23/03/2025
9676dfc0-0799-47c3-9817-3c03cf730761,City Branch,106,The City,23/03/2025
72d1522f-1554-4c81-a43e-954ffe511ccd,Central Branch,101,Soho,23/03/2025
e40d5673-505e-4bca-84ff-376c9b45bb0f,Heathrow Branch,102,Heathrow,23/03/2025
62e3a369-f7ba-41a5-984d-7527a254c7f0,Central Branch,101,Soho,23/03/2025
d7768676-f806-40de-bab8-dc365b0570f1,Central Branch,101,Soho,23/03/2025
659a7d7e-a692-43fc-b300-ff4d641b2657,Heathrow Branch,102,Heathrow,23/03/2025
1256a4c6-6e89-4d0a-aa9a-4eebcd5d9aba,Camden Branch,103,Camden,23/03/2025
6332e3e3-c3db-4ff9-b5d6-ffdd1dfea2ba,Camden Branch,103,Camden,23/03/2025
bc362109-f330-4ce1-9629-f8c773dbc910,Camden Branch,103,Camden,23/03/2025
1191f565-989f-4268-ae90-d5a06f814a30,Heathrow Branch,102,Heathrow,23/03/2025
90121955-7e54-4e33-8e05-5c17d123802f,City Branch,106,The City,23/03/2025
9fbd394d-a024-4088-9610-969ec0677763,City Branch,106,The City,23/03/2025
d65164bc-bfc6-4ac8-9547-40fff3dbdd36,City Branch,106,The City,23/03/2025
58066886-40c8-431b-bcc7-3d2567b5991a,Heathrow Branch,102,Heathrow,23/03/2025
8a054964-d11a-44cd-9db9-50791e0701c9,West End Branch,105,West End,23/03/2025
89182d31-05d8-4dba-95fa-b3780a301dcc,West End Branch,105,West End,23/03/2025
5a9abd28-60b2-4c6c-8c49-9d5b15f6cb36,Camden Branch,103,Camden,23/03/2025
11629714-db01-4051-9974-4fb39fe03e8d,West End Branch,105,West End,23/03/2025
0ed097f3-c7a0-4004-8fd6-1d76c864ecc6,Central Branch,101,Soho,23/03/2025
8acf6a25-4637-4d95-9c6a-935bf5522c49,West End Branch,105,West End,23/03/2025
19375f88-0591-4486-889e-a8481d9f094b,Greenwich Branch,104,Greenwich,23/03/2025
72e24cac-de44-437e-a7cd-a74fa9e7ce50,Greenwich Branch,104,Greenwich,23/03/2025
6aeebb96-6fbc-4e5a-8cc0-0eb19b0c7153,Greenwich Branch,104,Greenwich,23/03/2025
206570a0-5563-4052-bf62-3f03e75542b1,Greenwich Branch,104,Greenwich,23/03/2025
d3de8f7a-2fea-4a8b-8da3-dc30bdd9b4e8,City Branch,106,The City,23/03/2025
e8fc54dc-713d-4b23-8363-9c352d2a7ffc,West End Branch,105,West End,23/03/2025
af50114e-1fd0-475c-87ac-9adb2ebcb8ba,Central Branch,101,Soho,23/03/2025
97ef19f8-9be1-4641-84f0-9ee20df69513,Heathrow Branch,102,Heathrow,23/03/2025
1fe00204-90a6-4bad-8160-9e75569e629f,Heathrow Branch,102,Heathrow,23/03/2025
570144a4-5817-48bd-ae4a-49bafd7715df,City Branch,106,The City,23/03/2025
c7413ecf-03cb-48a5-97a9-66414b3997f4,City Branch,106,The City,23/03/2025
e175ebf9-9970-4ddf-8270-6ec2e436bdd0,Central Branch,101,Soho,23/03/2025
03cfadf2-e57b-4343-be60-8a84a0dd795a,Greenwich Branch,104,Greenwich,23/03/2025
134b67a7-aa2c-4830-bc52-930d761ec6bc,Central Branch,101,Soho,23/03/2025
e44dfb80-0a56-437a-b140-2c0f9ab0fe2a,City Branch,106,The City,23/03/2025
ac6eb159-dfdb-403f-9600-0aa9ee1c1415,Camden Branch,103,Camden,23/03/2025
6ae03f00-3396-437e-a54d-4e069a43da09,Central Branch,101,Soho,23/03/2025
3ad86810-606d-46af-8c1d-2855414a6353,Central Branch,101,Soho,23/03/2025
945b2e27-4b2b-4562-acf7-b93f19d626cf,Camden Branch,103,Camden,23/03/2025
1b4d1d09-aaa4-479c-9014-b73623d3bca5,West End Branch,105,West End,23/03/2025
56e2fc2e-37c4-43a6-8256-20f7a85c74a5,City Branch,106,The City,23/03/2025
b9c2dc5b-6878-4377-8b76-edc5e8acfdb2,West End Branch,105,West End,23/03/2025
b994a904-bbdf-4972-8b70-a8fea8959457,Camden Branch,103,Camden,23/03/2025
d46f3380-3fd4-439a-bdc5-2b439228252f,West End Branch,105,West End,23/03/2025
3bf6affe-5aa6-41ac-87d2-fc2b0ac60770,West End Branch,105,West End,23/03/2025
81d9f1cf-8a8a-4c0e-9ae7-3b5cedbb512d,Heathrow Branch,102,Heathrow,23/03/2025
57dd6ca8-ec9a-4176-87c1-375a79a5da73,Camden Branch,103,Camden,23/03/2025
84afde85-7c29-4aa5-bb22-829d4cc2a913,City Branch,106,The City,23/03/2025
5bc5702f-9a8c-4017-b62f-8c3df581baa4,Heathrow Branch,102,Heathrow,23/03/2025
6aad7cf7-f230-4e5c-b230-871a8d97e018,Greenwich Branch,104,Greenwich,23/03/2025
18b6bbe6-c4bc-46db-b19f-bc89bd8ec73e,Central Branch,101,Soho,23/03/2025
3251ced3-8e7f-4fac-ae50-2a34c06ba6fe,City Branch,106,The City,23/03/2025
8a21b1e9-364f-48a0-aee6-eb1fd51efd5e,Greenwich Branch,104,Greenwich,23/03/2025
1aab957c-a29c-4a73-81aa-36b828d0a490,Central Branch,101,Soho,23/03/2025
e40fe787-aa1f-4aaa-8733-0f7ff5c126a8,Greenwich Branch,104,Greenwich,23/03/2025
a1c370d1-5992-4694-8234-b400c9d07bc7,City Branch,106,The City,23/03/2025
27077f98-e412-4587-bc59-8bb5e709ff6d,Heathrow Branch,102,Heathrow,23/03/2025
b11deda9-b23a-4c40-9061-6aa35e8898ef,Camden Branch,103,Camden,23/03/2025
a566a216-4902-402f-a400-340f00cce882,Heathrow Branch,102,Heathrow,23/03/2025
c59eb318-eebb-47ef-b89d-687062a7bd5a,Camden Branch,103,Camden,23/03/2025
117de2e6-1336-4cfa-8514-9d263293faf7,City Branch,106,The City,23/03/2025
52cf93f0-a51a-4808-9ddb-ca523367e770,City Branch,106,The City,23/03/2025
8bf1f536-b983-4edd-ae70-0c59c2012e37,Central Branch,101,Soho,23/03/2025
138359ed-ee38-4669-b153-8f71eb13944e,Camden Branch,103,Camden,23/03/2025
850d2924-96ec-447d-ae05-460b813a512b,City Branch,106,The City,23/03/2025
1ea32794-3937-4ea2-a6a8-5ca1daf9c6fa,Camden Branch,103,Camden,23/03/2025
08b7a133-8f4f-4bc5-a39f-4933436dd10d,West End Branch,105,West End,23/03/2025
a64acfca-1a81-403b-bbb7-852466837733,West End Branch,105,West End,23/03/2025
a04fe3b8-2e40-45c8-a9ea-5c2bc262f1dc,Greenwich Branch,104,Greenwich,23/03/2025
0e567761-0636-45fa-9a6e-777a478c9b0c,Heathrow Branch,102,Heathrow,23/03/2025
364dccd7-c9a2-483b-87d1-b8da8a36f9b4,Heathrow Branch,102,Heathrow,23/03/2025
ed01fb8c-8b6b-4a06-ad13-2a7e38b9c65e,City Branch,106,The City,23/03/2025
4fdf2808-872b-4a62-8a3e-83d6c9e63aab,West End Branch,105,West End,23/03/2025
b819e5b1-72eb-4571-a7b2-935b77c2cc80,Greenwich Branch,104,Greenwich,23/03/2025
3c19c309-e9c1-44be-be14-78e64933b3a1,West End Branch,105,West End,23/03/2025
4cc8cb08-2750-4c6a-9b5d-cfee210b1728,City Branch,106,The City,23/03/2025
3e6d273a-30f8-4bc3-9bde-6bd787371ade,City Branch,106,The City,23/03/2025
287f5a85-2013-4284-b846-46339fb45d37,Heathrow Branch,102,Heathrow,23/03/2025
88adfd7a-3dbe-4d69-bdc7-c8b89a9d59c9,Heathrow Branch,102,Heathrow,23/03/2025
b71bccda-bbc1-4e8c-907e-4b5495189cff,Central Branch,101,Soho,23/03/2025
0ef83dd1-c346-4150-9119-68b8847dda3d,Greenwich Branch,104,Greenwich,23/03/2025
fa9bb975-5c4e-43eb-a64c-0bcc98e5ac43,Camden Branch,103,Camden,23/03/2025
f2a8c797-2d06-4e8e-9930-7f9e4efdb75e,Heathrow Branch,102,Heathrow,23/03/2025
2cd87a76-0901-441b-bd66-63e2d3df91f4,Greenwich Branch,104,Greenwich,23/03/2025
6cccbc9c-e6f9-4734-8b4e-46a11295b3eb,West End Branch,105,West End,23/03/2025
2a70e18e-fcc9-41b5-aa69-a6811ea8869f,Greenwich Branch,104,Greenwich,23/03/2025
fede4cb4-fb00-47ea-92b1-f787fda51f1d,City Branch,106,The City,23/03/2025
84a40672-2abb-408b-8b45-4073c34bb923,Camden Branch,103,Camden,23/03/2025
8c8e2378-abb3-4c6c-9d12-a055f9c66c66,Heathrow Branch,102,Heathrow,23/03/2025
265a70bc-74b0-4cc5-a1b9-dfed523d5cea,City Branch,106,The City,23/03/2025
fb5ac7ea-d776-4757-a4a2-a4f8fa0983d5,West End Branch,105,West End,23/03/2025
9e5a4b67-58a1-4d22-ae81-355e8aecce90,City Branch,106,The City,23/03/2025
7b2deabb-0ecf-4614-bd3d-365ad8362719,City Branch,106,The City,23/03/2025
d5036442-ab69-4d72-9eee-42e26d4c6294,City Branch,106,The City,23/03/2025
ec913a3a-561a-4028-90ad-cf6bd428d608,Camden Branch,103,Camden,23/03/2025
d3b42d28-67f8-4453-9afd-8b2f534396c7,Camden Branch,103,Camden,23/03/2025
2278400c-96da-457a-adca-fafc60b9ed7e,Greenwich Branch,104,Greenwich,23/03/2025
bfc07c8e-5051-404f-8510-e5230f11b0d5,City Branch,106,The City,23/03/2025
fb5beee8-cbfe-431b-bcb5-9a31b97afd98,Heathrow Branch,102,Heathrow,23/03/2025
a709a411-ee9b-479e-a0cf-1361453a65e8,West End Branch,105,West End,23/03/2025
2f57c6d6-bac1-44ab-bfcf-8068ae7fd159,Heathrow Branch,102,Heathrow,23/03/2025
b7b50017-b9f3-40d7-8545-e54abc07314d,City Branch,106,The City,23/03/2025
c78f5388-a881-46c0-a29a-6fa84ade25e8,Central Branch,101,Soho,23/03/2025
fee7f764-08cd-42e5-9e04-ca82b8066eb3,Central Branch,101,Soho,23/03/2025
75734e3b-57e2-44fe-b781-1b74bd9a8e6a,City Branch,106,The City,23/03/2025
f4bebaa9-32d4-44f3-80e3-32546243a1ed,Heathrow Branch,102,Heathrow,23/03/2025
790802a1-5517-482d-8b6a-0abb919c9298,Heathrow Branch,102,Heathrow,23/03/2025
6a80e249-a5ba-4a0d-9d01-08d48e11cb9b,City Branch,106,The City,23/03/2025
ad56ab80-06e6-40fc-9140-410f5dfdd8f7,West End Branch,105,West End,23/03/2025
0f244c98-de03-40fb-87b3-5b235fcf1030,Greenwich Branch,104,Greenwich,23/03/2025
3b48f9a1-45cd-4c89-88b5-287a6e31893a,City Branch,106,The City,23/03/2025
fa30bca8-e81b-469e-8185-5956e804e351,Camden Branch,103,Camden,23/03/2025
9230db02-393f-4cd1-a031-36c6f1226633,Heathrow Branch,102,Heathrow,23/03/2025
28f87b50-1234-4021-bb0b-178370120328,Camden Branch,103,Camden,23/03/2025
cf6d43b1-0f20-480c-ade5-b8cd14d006c4,Camden Branch,103,Camden,23/03/2025
c1da5313-9d50-4063-8f2b-1c5a6d75c29f,Central Branch,101,Soho,23/03/2025
c193dc3f-9d60-4473-8aa5-e9e865bfeb1f,Camden Branch,103,Camden,23/03/2025
31e8636b-9720-459c-8e87-b9f5f2830b1f,Heathrow Branch,102,Heathrow,23/03/2025
3cb2cc8f-36c0-4b78-8a57-dd7b25f66646,City Branch,106,The City,23/03/2025
50ea67f3-5b70-4308-89aa-b1e9ae410723,Central Branch,101,Soho,23/03/2025
fa7366dc-add8-4f84-b394-08ca75a283de,Camden Branch,103,Camden,23/03/2025
f30419c7-e20c-4581-afc3-f15ac1507a91,Central Branch,101,Soho,23/03/2025
22d3f97f-f939-4bab-9bd3-62dac2ec1651,City Branch,106,The City,23/03/2025
d1228047-4baa-4133-85e2-349c6a36c1bd,West End Branch,105,West End,23/03/2025
0599d66c-9b4b-47d9-b53f-b63d76e924ba,West End Branch,105,West End,23/03/2025
395c0d0d-4caa-467d-835f-c6e149318d26,Camden Branch,103,Camden,23/03/2025
841dc7d5-93f7-4523-a3c6-6dd735f8f4c5,Greenwich Branch,104,Greenwich,23/03/2025
62b0b115-3d07-45f9-a00d-169a735c5901,West End Branch,105,West End,23/03/2025
5efa7b30-7281-4ca5-81d1-97f6d9acb291,Central Branch,101,Soho,23/03/2025
e5794ed1-8f39-4bbd-a99d-de3f24d7c251,Central Branch,101,Soho,23/03/2025
bebaa3c0-02ce-4b59-8fb9-b0159643b11e,Heathrow Branch,102,Heathrow,23/03/2025
315b6629-99c4-4fd5-9d4a-860b32e20643,Central Branch,101,Soho,23/03/2025
32784bbf-5675-4b04-b29d-d196a6faca52,Central Branch,101,Soho,23/03/2025
66a580b8-3bf3-403e-829b-624f9302be42,Heathrow Branch,102,Heathrow,23/03/2025
e21f3ad9-d27a-485f-a880-aeb8974b8c9b,Central Branch,101,Soho,23/03/2025
cea2d450-e009-4abb-bfc0-7c337ef2f745,Greenwich Branch,104,Greenwich,23/03/2025
cea2d450-e009-4abc-bfc0-7c337ef2f745,Greenwich Branch,104,Greenwich,17/04/2025
