Ride ID,Pickup DateTime,Dropoff DateTime,Pickup Location,Dropoff Location,Distance (mi),Fare Amount (Â£),Passenger Count,Passenger Nickname,Review Stars,Review Comment,Status of Ride,Last History Date
b6ad5ed1-909e-4532-b934-5c1795977673,25/03/2025 01:54,25/03/2025 02:50,Victoria Station,Buckingham Palace,3,9.49,1,Passenger_434,2,Had an issue during the trip,Completed,23/03/2025 00:00
403b764e-eabb-40b2-be7f-ead3735603c1,25/03/2025 07:59,25/03/2025 08:26,Camden Market,Piccadilly Circus,38.3,155.49,2,Passenger_450,3,Arrived late,Completed,23/03/2025 00:00
73b50df7-4595-4239-ab46-3198da360468,24/03/2025 20:05,24/03/2025 20:52,London Bridge,Canary Wharf,25.9,79.91,8,Passenger_488,5,Highly recommended!,Completed,23/03/2025 00:00
bacd044c-b7b4-43fe-b2c0-745c34afbc30,26/03/2025 22:12,26/03/2025 22:54,Liverpool Street,St Pancras Station,8.3,33.74,6,Passenger_420,5,Highly recommended!,Completed,23/03/2025 00:00
786d5a2d-7520-4588-a34e-d0c52c241106,22/03/2025 02:45,22/03/2025 03:26,Victoria Station,Covent Garden,5,17.7,2,Passenger_404,4,Would use again,Completed,23/03/2025 00:00
ced20960-4afa-418b-bd09-a4493a2af987,23/03/2025 16:10,23/03/2025 16:34,King's Cross,Hyde Park,26.3,108.3,2,TurboTrekker,4,Friendly driver,Completed,23/03/2025 00:00
4fe62b67-53e8-4b20-aff3-d5eb3b2696fd,24/03/2025 20:04,24/03/2025 20:14,Oxford Street,Greenwich,1.3,5.93,4,SpeedKing,5,Very punctual and professional,Completed,23/03/2025 00:00
f9da7cc8-8ef6-43db-93c0-488334ef752e,25/03/2025 16:51,25/03/2025 17:19,Tower Bridge,Canary Wharf,48,102.48,8,Passenger_298,4,Arrived late,Completed,23/03/2025 00:00
6ecf4d45-4640-451c-bf57-f7c090f8a155,20/03/2025 23:28,21/03/2025 00:02,Heathrow Airport,Hyde Park,31.8,89.23,8,DriverDreamer,1,Clean vehicle,Completed,23/03/2025 00:00
ec49910d-f6c1-46d7-a78a-9c9cc7bd4e7e,22/03/2025 05:56,22/03/2025 06:13,King's Cross,St Pancras Station,25.3,113.8,3,Passenger_466,5,Very punctual and professional,Completed,23/03/2025 00:00
844154c0-b937-4ae0-ae14-566e2cc7d797,24/03/2025 04:27,24/03/2025 05:10,Soho,Canary Wharf,4,10.02,4,Passenger_221,1,Great ride!,Completed,23/03/2025 00:00
7ee67e8c-3daa-485b-9cbb-b0f3a8b131e9,22/03/2025 09:51,22/03/2025 10:45,Liverpool Street,Kensington,10.5,48.46,3,SkyHigh,2,Had an issue during the trip,Completed,23/03/2025 00:00
4a4518d2-12c9-45f1-ad89-003e0ffda0e0,26/03/2025 21:39,26/03/2025 22:24,Heathrow Airport,St Pancras Station,14.4,36.88,1,Passenger_233,4,Clean vehicle,Completed,23/03/2025 00:00
c9edb4e7-42b0-4193-89e0-b985b0ebce0c,23/03/2025 16:03,23/03/2025 16:36,Oxford Street,Wembley,11.7,56.15,6,Passenger_275,2,Had an issue during the trip,Completed,23/03/2025 00:00
1d65cade-cc15-4be7-ab0b-877000fe0416,24/03/2025 16:14,24/03/2025 16:58,London Bridge,Covent Garden,4,9.49,6,Passenger_479,5,Highly recommended!,Completed,23/03/2025 00:00
185b1daf-cbdf-41bf-827e-3079ad7125a5,23/03/2025 02:58,23/03/2025 03:29,Trafalgar Square,Greenwich,32,166.17,5,Passenger_230,4,Great ride!,Completed,23/03/2025 00:00
31334660-1e3d-4442-9e26-9cb382b83168,25/03/2025 20:09,25/03/2025 20:32,Oxford Street,Buckingham Palace,15.8,72.77,8,WittyTraveller,5,Highly recommended!,Completed,23/03/2025 00:00
6cc5dd9e-2a55-46a8-8d78-633aa8a2b6b4,21/03/2025 07:16,21/03/2025 07:39,London Bridge,Canary Wharf,29.1,70.57,8,LateNightOwl,4,Friendly driver,In Progress,23/03/2025 00:00
ab7ee810-f648-49b9-85c0-136ccc21bdbd,23/03/2025 05:32,23/03/2025 05:54,Victoria Station,Greenwich,25.9,86.33,5,Passenger_394,4,Clean vehicle,Completed,23/03/2025 00:00
2246529b-778b-470b-a748-c499a195bd18,25/03/2025 11:49,25/03/2025 12:34,Camden Market,Covent Garden,2.3,11.43,1,Passenger_320,5,Very punctual and professional,Completed,23/03/2025 00:00
7d97e751-9ac1-4550-96a1-44be9810959c,22/03/2025 21:22,22/03/2025 21:47,Camden Market,Piccadilly Circus,41,122.56,8,MorningRush,5,Great ride!,In Progress,23/03/2025 00:00
fe129df7-be24-4bbe-9039-a6cd1228f9dd,21/03/2025 21:35,21/03/2025 21:56,Victoria Station,Kensington,17.8,72.13,7,Passenger_424,5,Great ride!,Completed,23/03/2025 00:00
2a2dc0f1-ac9f-40bf-9fe4-821b68aabaf7,22/03/2025 18:38,22/03/2025 19:38,Camden Market,Canary Wharf,1,3.11,6,Passenger_403,2,Had an issue during the trip,Completed,23/03/2025 00:00
d5131472-3caf-456f-b689-7b9229fb0260,25/03/2025 21:58,25/03/2025 22:45,Victoria Station,Kensington,12,41.82,4,Passenger_332,4,Clean vehicle,Completed,23/03/2025 00:00
147832ed-6305-4c89-8f65-ad60910a30b7,21/03/2025 05:37,21/03/2025 06:05,Trafalgar Square,Piccadilly Circus,35.8,189.02,2,Passenger_360,4,Clean vehicle,In Progress,23/03/2025 00:00
75141a09-0bca-4a46-8202-2683b35b04c8,26/03/2025 04:50,26/03/2025 05:45,Heathrow Airport,Wembley,22.9,78.23,7,Passenger_387,3,Arrived late,In Progress,23/03/2025 00:00
327f6691-6d65-408a-98a5-061fdcb7da29,23/03/2025 10:56,23/03/2025 11:04,Tower Bridge,Canary Wharf,44.6,101.46,5,Passenger_299,4,Arrived late,Completed,23/03/2025 00:00
691b57ae-1748-42df-978d-e1f9283beb86,22/03/2025 16:33,22/03/2025 16:40,London Bridge,Southbank,15,66.21,1,Passenger_202,2,Had an issue during the trip,In Progress,23/03/2025 00:00
b984eca3-50c1-4384-b6bd-33374af2dc23,23/03/2025 05:24,23/03/2025 06:02,Victoria Station,Canary Wharf,9,43.68,1,Passenger_359,5,Highly recommended!,In Progress,23/03/2025 00:00
b988f77b-80c7-4775-89e7-45a2434570fe,26/03/2025 10:13,26/03/2025 10:55,Heathrow Airport,Buckingham Palace,44.3,120.37,1,Passenger_306,4,Clean vehicle,Completed,23/03/2025 00:00
c472ee59-65e6-4358-b4d0-6376b185b652,26/03/2025 06:30,26/03/2025 06:58,Camden Market,Hyde Park,23.8,125.1,4,Passenger_318,4,Friendly driver,Completed,23/03/2025 00:00
0e6ef775-bbdd-45e7-85bf-9a9e6872d32d,26/03/2025 10:50,26/03/2025 11:37,Victoria Station,Piccadilly Circus,35.3,83.84,4,Passenger_385,4,Would use again,Completed,23/03/2025 00:00
677b80fd-4759-49ce-8496-cfd87a6d3d17,22/03/2025 12:36,22/03/2025 13:17,Liverpool Street,Wembley,18.7,102.27,1,GreenwichGuru,4,Would use again,Completed,23/03/2025 00:00
4ac770bb-b8c9-4854-b5a3-a7eca0b64921,22/03/2025 20:29,22/03/2025 21:18,Camden Market,Southbank,46.9,188.97,4,Passenger_232,3,Arrived late,Completed,23/03/2025 00:00
0279a6c0-a604-4a85-9d53-a5688b29b2f4,22/03/2025 08:01,22/03/2025 08:21,Trafalgar Square,Wembley,7.4,28.83,3,Passenger_426,5,Highly recommended!,Completed,23/03/2025 00:00
a891149c-037c-4b7e-afa4-047d5b6e9e5b,20/03/2025 23:23,20/03/2025 23:43,London Bridge,Hyde Park,10,34.26,7,Passenger_263,2,Arrived late,Completed,23/03/2025 00:00
a1f0fe8d-445f-4846-b116-9c9ce5567b45,25/03/2025 06:32,25/03/2025 07:31,Tower Bridge,Piccadilly Circus,6.8,31.75,2,Passenger_479,3,Arrived late,Completed,23/03/2025 00:00
d2a6929f-dca8-4447-b445-96ba38072800,24/03/2025 01:26,24/03/2025 01:52,London Bridge,Canary Wharf,9.6,25.17,5,Passenger_349,4,Friendly driver,In Progress,23/03/2025 00:00
794bb718-f2b1-482f-8a54-4a499f0fe239,26/03/2025 19:35,26/03/2025 19:40,King's Cross,Greenwich,7.1,19.3,1,Passenger_387,5,Highly recommended!,Completed,23/03/2025 00:00
fbadc7fc-8858-4bf6-b8da-d6695674d7ce,20/03/2025 06:29,20/03/2025 07:29,King's Cross,Kensington,28,135.65,5,Passenger_496,4,Friendly driver,Completed,23/03/2025 00:00
025664d9-13b2-4f4f-8101-93ae514792a4,22/03/2025 06:38,22/03/2025 07:20,London Bridge,Wembley,29.5,145.77,8,Passenger_328,4,Friendly driver,Completed,23/03/2025 00:00
b5a054cb-7917-4233-a415-70366a560ea1,22/03/2025 18:16,22/03/2025 18:34,Tower Bridge,Piccadilly Circus,41.8,224.61,5,UrbanJumper,1,Arrived late,In Progress,23/03/2025 00:00
692e01b0-6ae2-40dc-a425-39bcd6e441d1,23/03/2025 06:01,23/03/2025 06:55,Oxford Street,Greenwich,15.6,37.62,1,WembleyWanderer,4,Would use again,In Progress,23/03/2025 00:00
eb8ec34a-3610-4633-a17c-ef440ea76614,21/03/2025 16:20,21/03/2025 16:53,Heathrow Airport,Greenwich,40,126.94,7,TouristPro,2,Had an issue during the trip,In Progress,23/03/2025 00:00
a606a9ed-d985-4475-9213-8fae4512d41a,26/03/2025 03:35,26/03/2025 04:14,Trafalgar Square,St Pancras Station,38.2,140.12,1,Passenger_496,2,Had an issue during the trip,Completed,23/03/2025 00:00
fca441cf-3923-4b9b-be00-9eeb0e912575,20/03/2025 16:02,20/03/2025 17:02,Tower Bridge,Buckingham Palace,31.5,126.57,3,Passenger_443,5,Very punctual and professional,In Progress,23/03/2025 00:00
74b7dfd3-d80f-48b1-9ec0-9a9b529794ba,20/03/2025 15:57,20/03/2025 16:19,London Bridge,Canary Wharf,4.6,13.96,5,Passenger_417,4,Arrived late,Completed,23/03/2025 00:00
1fc1b245-7e51-4193-a259-f1dabf8e7c2a,20/03/2025 04:27,20/03/2025 05:11,Soho,Canary Wharf,9.5,49.07,2,Passenger_208,5,Very punctual and professional,Completed,23/03/2025 00:00
789c209f-210c-4dd9-8cb3-0174eb31abc3,20/03/2025 17:47,20/03/2025 18:40,Victoria Station,Covent Garden,36,130.92,8,Passenger_417,4,Would use again,Completed,23/03/2025 00:00
6b2f9d6d-e274-4781-99fd-c96e8ccc33fa,22/03/2025 00:44,22/03/2025 01:04,Liverpool Street,Canary Wharf,37.7,111.38,6,Passenger_478,5,Great ride!,In Progress,23/03/2025 00:00
37dd3920-1cbc-4e49-b742-da7c8229509c,23/03/2025 12:41,23/03/2025 13:21,Victoria Station,St Pancras Station,16.7,45.93,6,Passenger_349,2,Had an issue during the trip,Completed,23/03/2025 00:00
1c8b89af-2fa7-4fa0-9da2-e98421aae467,24/03/2025 07:38,24/03/2025 07:50,Tower Bridge,Canary Wharf,16,79.54,1,TheExplorer,4,Friendly driver,Completed,23/03/2025 00:00
46d2f39a-3337-4a1c-8464-d3b0495bfdfd,22/03/2025 22:22,22/03/2025 22:48,Soho,Hyde Park,23.6,84.1,8,Passenger_459,4,Clean vehicle,Completed,23/03/2025 00:00
a3402217-2fb7-4f4b-93fd-3f7202aba536,20/03/2025 21:29,20/03/2025 22:16,Soho,Hyde Park,41.9,148.69,3,Passenger_209,2,Had an issue during the trip,Completed,23/03/2025 00:00
8163538d-1350-4145-aa42-37efe4c438d2,21/03/2025 07:11,21/03/2025 07:53,London Bridge,Southbank,22.4,62.42,4,Passenger_282,5,Very punctual and professional,Completed,23/03/2025 00:00
bb651dc3-3a21-4769-8df1-0d8e85b974c9,25/03/2025 02:17,25/03/2025 02:51,Liverpool Street,Canary Wharf,23.8,83.74,7,BridgeTrailblazer,2,Had an issue during the trip,Completed,23/03/2025 00:00
e9f5e1fa-d204-496e-9691-507677e7aaee,22/03/2025 04:45,22/03/2025 05:33,Trafalgar Square,Canary Wharf,3.1,17.04,7,Passenger_447,4,Friendly driver,Completed,23/03/2025 00:00
b4807880-c3b1-4ef0-8ac7-1e2092045847,26/03/2025 02:13,26/03/2025 03:06,London Bridge,Covent Garden,33.9,100.89,3,Passenger_248,2,Had an issue during the trip,Completed,23/03/2025 00:00
93e3c21d-7684-49c3-8b5a-c7bc4f8e164e,24/03/2025 15:08,24/03/2025 16:03,Tower Bridge,Buckingham Palace,48.6,180.16,3,SpeedKing,2,Had an issue during the trip,Completed,23/03/2025 00:00
4e5036a6-d3ca-45b0-a773-e103543ea0a7,24/03/2025 16:09,24/03/2025 16:28,Heathrow Airport,Southbank,28.2,83.58,6,Passenger_397,5,Great ride!,Completed,23/03/2025 00:00
30a8835e-f912-4fa9-83f9-2f0997c0eed6,20/03/2025 02:15,20/03/2025 02:47,Camden Market,Canary Wharf,39.2,180.83,2,Passenger_407,4,Would use again,Completed,23/03/2025 00:00
6a645481-a0f9-403c-8dc6-98a1cb8b397d,23/03/2025 02:15,23/03/2025 02:40,Heathrow Airport,Hyde Park,48.2,109.81,6,Passenger_483,4,Friendly driver,Completed,23/03/2025 00:00
f4dee7a3-6615-4456-841d-8deec9bce6de,20/03/2025 07:57,20/03/2025 08:08,Victoria Station,Kensington,6,27.78,6,FleetFalcon,5,Very punctual and professional,Completed,23/03/2025 00:00
9592e142-78c9-4b1c-961a-3a925c33d645,20/03/2025 15:04,20/03/2025 15:25,King's Cross,Hyde Park,39.3,136.48,6,Passenger_446,2,Had an issue during the trip,Completed,23/03/2025 00:00
52c338e9-b1ac-4b24-a421-5b35ae250a4d,25/03/2025 18:08,25/03/2025 18:52,Victoria Station,St Pancras Station,38.7,204.15,3,Passenger_347,5,Highly recommended!,Completed,23/03/2025 00:00
0e0b77eb-fd71-44bf-a64c-89dffc43c824,22/03/2025 10:49,22/03/2025 11:48,Soho,St Pancras Station,40.5,119.91,8,RushRunner,5,Very punctual and professional,Completed,23/03/2025 00:00
c2d464c7-431f-473f-ae40-e636f717d31e,24/03/2025 03:13,24/03/2025 03:22,Heathrow Airport,Wembley,24.1,66.96,1,Passenger_259,2,Had an issue during the trip,Completed,23/03/2025 00:00
7a64923c-3138-4748-aac6-1eb1545ffcc1,20/03/2025 09:01,20/03/2025 09:13,Soho,Wembley,46.8,240.47,5,Passenger_219,2,Had an issue during the trip,In Progress,23/03/2025 00:00
d4c17da9-fcdc-4c83-94db-4d1c7b2e850b,22/03/2025 05:06,22/03/2025 05:25,Tower Bridge,Covent Garden,29.9,101.93,2,SohoTrekker,1,Arrived late,Completed,23/03/2025 00:00
c37a4c02-499a-40bd-ba01-4648f7b20eab,25/03/2025 14:33,25/03/2025 15:00,Trafalgar Square,Wembley,13.9,46.67,8,Passenger_369,4,Clean vehicle,Completed,23/03/2025 00:00
79419ead-f266-488d-91d2-e2f6b3f81b61,25/03/2025 23:58,26/03/2025 00:35,Heathrow Airport,Southbank,1.6,5.71,6,Passenger_222,2,Had an issue during the trip,Completed,23/03/2025 00:00
0fad305f-4d24-48a9-9d72-288a368140e1,20/03/2025 14:12,20/03/2025 14:47,Soho,Wembley,37.4,117.94,7,Passenger_430,5,Highly recommended!,Completed,23/03/2025 00:00
c969e101-9afa-4b5a-9c71-121fa54cac3a,21/03/2025 13:10,21/03/2025 13:50,Oxford Street,St Pancras Station,43.1,101.17,8,Passenger_349,4,Would use again,Completed,23/03/2025 00:00
aca56ad6-92c7-448b-84ed-359fa19a81dd,20/03/2025 12:47,20/03/2025 13:46,Victoria Station,St Pancras Station,46.9,158.9,8,Passenger_288,5,Great ride!,Completed,23/03/2025 00:00
f332dc38-af57-40e3-84e6-d7adfc273ebf,20/03/2025 00:45,20/03/2025 01:04,King's Cross,Wembley,12.8,34.79,7,Passenger_343,5,Very punctual and professional,Completed,23/03/2025 00:00
ffafbf00-212f-406c-83a8-90e04af5e6c9,22/03/2025 22:41,22/03/2025 23:11,Liverpool Street,Wembley,44.1,183.48,7,CanaryWharfWizard,4,Would use again,Completed,23/03/2025 00:00
39a154f6-ff3f-4aad-911e-e0ec239dd129,25/03/2025 23:22,25/03/2025 23:52,Liverpool Street,Greenwich,1.1,4.67,7,Passenger_223,2,Arrived late,Completed,23/03/2025 00:00
0b3b6dca-dc58-45fd-bce3-4cb68266266f,22/03/2025 16:07,22/03/2025 17:02,London Bridge,Greenwich,42.5,115.65,1,Passenger_491,4,Would use again,Completed,23/03/2025 00:00
c93e6332-8268-4f97-8a46-e4b090b16f76,24/03/2025 14:22,24/03/2025 14:35,Camden Market,Southbank,47.7,238.85,3,Passenger_446,2,Had an issue during the trip,Completed,23/03/2025 00:00
ba6a897c-826a-4849-90fc-cf63f7c697c9,21/03/2025 02:18,21/03/2025 02:50,Liverpool Street,Covent Garden,42.6,166.38,1,Passenger_217,5,Clean vehicle,Completed,23/03/2025 00:00
f74ec11a-9d7b-48d9-86de-31287e4190a9,23/03/2025 21:51,23/03/2025 22:19,Tower Bridge,Southbank,13.8,42.49,1,Passenger_211,2,Had an issue during the trip,Completed,23/03/2025 00:00
20c6c843-4b67-4844-b3e6-7799c44f10c8,20/03/2025 16:37,20/03/2025 17:30,London Bridge,Southbank,24.4,75.89,2,Passenger_467,5,Great ride!,Completed,23/03/2025 00:00
4af5c697-d2b9-4f03-9b4b-46bbd4928033,21/03/2025 22:01,21/03/2025 22:19,Victoria Station,Hyde Park,38.4,210.52,6,TourAce,5,Very punctual and professional,Completed,23/03/2025 00:00
1c4c93ef-3fa0-4144-b512-d26f82f13e30,26/03/2025 03:47,26/03/2025 04:47,King's Cross,St Pancras Station,47.7,161.72,4,Passenger_454,5,Highly recommended!,In Progress,23/03/2025 00:00
a0f936eb-f331-4620-97ac-2201a07462a8,26/03/2025 20:29,26/03/2025 20:57,Tower Bridge,Southbank,15.4,69.93,7,Passenger_280,4,Friendly driver,Completed,23/03/2025 00:00
8b0a3226-da16-4d5e-bb8e-895f1c02d5bc,21/03/2025 00:47,21/03/2025 01:25,Victoria Station,Southbank,8.5,28.56,2,Passenger_469,5,Great ride!,Completed,23/03/2025 00:00
c05ceaab-a542-45e1-8231-0e74d4ad1a83,24/03/2025 01:40,24/03/2025 01:53,Trafalgar Square,Buckingham Palace,39.9,178.76,8,Passenger_475,4,Friendly driver,Completed,23/03/2025 00:00
71f9bfa8-53d1-4f2f-8446-99566a548f36,24/03/2025 11:16,24/03/2025 11:34,Victoria Station,Canary Wharf,26.4,93.56,5,Passenger_316,4,Friendly driver,Completed,23/03/2025 00:00
d39888ee-8d89-44bc-bac8-33dd57e009f8,23/03/2025 00:52,23/03/2025 01:36,Heathrow Airport,Piccadilly Circus,35.3,176.2,6,Passenger_305,5,Highly recommended!,In Progress,23/03/2025 00:00
0ecdf83c-17fb-4e3c-9bc7-9c8d996e282d,20/03/2025 01:33,20/03/2025 02:13,Soho,Wembley,37.4,186.25,4,TravelQueen,2,Had an issue during the trip,Completed,23/03/2025 00:00
3f1596a7-abba-4b07-820b-e9d5999ba66d,24/03/2025 22:39,24/03/2025 23:09,King's Cross,Buckingham Palace,7.2,33.98,2,Passenger_234,5,Very punctual and professional,Completed,23/03/2025 00:00
fcb46a77-3a86-4c5e-b1c4-aea9ab69d61e,26/03/2025 19:17,26/03/2025 20:16,Oxford Street,Covent Garden,18.7,63.87,2,Passenger_378,5,Highly recommended!,In Progress,23/03/2025 00:00
cc075925-60d3-4a56-8ad3-242ace4f70df,23/03/2025 10:01,23/03/2025 10:15,King's Cross,Covent Garden,35.2,190,7,QuickStep,5,Highly recommended!,In Progress,23/03/2025 00:00
f2a6f9fa-cf22-406e-bab1-3140bb93bfb5,26/03/2025 18:48,26/03/2025 19:06,Liverpool Street,Wembley,41.5,191.13,5,Passenger_327,4,Would use again,In Progress,23/03/2025 00:00
b592b272-444c-4b36-82bd-811a6cf931db,26/03/2025 03:34,26/03/2025 04:05,London Bridge,Wembley,20,66.97,8,Passenger_376,2,Had an issue during the trip,Completed,23/03/2025 00:00
27e25eaf-6278-4655-a99d-d654ec1dace0,25/03/2025 20:08,25/03/2025 20:53,Oxford Street,Southbank,33.9,141.56,1,Passenger_432,5,Clean vehicle,In Progress,23/03/2025 00:00
d772f3eb-f0d3-48aa-9fd7-1b6b002b09e1,23/03/2025 08:04,23/03/2025 08:19,Camden Market,Greenwich,21.6,86.89,5,Passenger_381,1,Arrived late,In Progress,23/03/2025 00:00
d4219c54-1c15-485e-9f81-8de4a52590f6,25/03/2025 00:22,25/03/2025 01:03,Victoria Station,Greenwich,11.6,35.5,6,SpeedTrail,5,Very punctual and professional,Completed,23/03/2025 00:00
2d3dd426-5f13-438e-957b-ca59a778391a,20/03/2025 11:27,20/03/2025 11:32,King's Cross,Wembley,43.8,212.24,6,Passenger_223,4,Would use again,Completed,23/03/2025 00:00
efeb19b5-496d-4987-b6ae-419ea96ce19a,23/03/2025 12:51,23/03/2025 13:27,Oxford Street,Wembley,30.6,145.97,3,Passenger_471,2,Clean vehicle,Completed,23/03/2025 00:00
dcd8ff17-d96c-4077-aa69-fb22bf6d5d29,24/03/2025 14:01,24/03/2025 14:55,Victoria Station,Piccadilly Circus,26.1,86.62,5,Passenger_356,5,Highly recommended!,Completed,23/03/2025 00:00
a3659cfe-41c2-43b2-8514-0a3cf951d670,24/03/2025 14:52,24/03/2025 15:30,Victoria Station,Southbank,46.5,158.79,8,Passenger_323,4,Would use again,Completed,23/03/2025 00:00
6d8f6d07-0d6d-44df-893a-55e99073edbe,25/03/2025 15:47,25/03/2025 16:32,Oxford Street,Hyde Park,3.7,12.78,4,Passenger_461,4,Friendly driver,Completed,23/03/2025 00:00
80474a9b-d904-4bd2-b352-ad508c623db5,20/03/2025 17:39,20/03/2025 18:21,Victoria Station,Canary Wharf,7.8,35.29,4,Passenger_407,4,Would use again,Completed,23/03/2025 00:00
9e9f125b-91a8-4011-b42a-7a34312c93ed,21/03/2025 16:01,21/03/2025 16:33,Liverpool Street,Buckingham Palace,13.6,51,6,Passenger_212,1,Arrived late,Completed,23/03/2025 00:00
973e9677-6999-413d-b6f7-70e55bf5188e,26/03/2025 09:18,26/03/2025 09:31,Victoria Station,Canary Wharf,33.2,139.63,5,Passenger_239,5,Highly recommended!,Completed,23/03/2025 00:00
7a6aca11-77e7-4f05-bc2b-ebbd02f10404,23/03/2025 03:35,23/03/2025 04:25,London Bridge,Hyde Park,27.2,84.68,5,Passenger_404,5,Friendly driver,Completed,23/03/2025 00:00
bb105959-94c6-480e-b29c-b3b30cd29fe0,20/03/2025 19:19,20/03/2025 20:00,Camden Market,Covent Garden,27,121.66,1,TownTiger,1,Had an issue during the trip,In Progress,23/03/2025 00:00
835f32c5-1122-42f3-8bca-79a678f4868d,23/03/2025 04:32,23/03/2025 05:18,London Bridge,Piccadilly Circus,18.1,66.32,4,Passenger_446,5,Very punctual and professional,Completed,23/03/2025 00:00
27b15adc-8d65-4094-90a1-fe724fac1b39,26/03/2025 12:08,26/03/2025 12:55,Tower Bridge,Southbank,44.6,194.43,6,Passenger_452,1,Had an issue during the trip,Completed,23/03/2025 00:00
f51be684-6946-43b1-93ef-ab71d3ace943,24/03/2025 02:50,24/03/2025 03:37,Oxford Street,Wembley,40,95.4,3,Passenger_396,5,Great ride!,Completed,23/03/2025 00:00
2df68882-38de-4f44-ae2e-49aef0b17971,23/03/2025 01:54,23/03/2025 02:06,Heathrow Airport,Buckingham Palace,33.1,69.34,6,Passenger_265,5,Friendly driver,Completed,23/03/2025 00:00
8a721680-bfd7-4892-9349-724611225823,25/03/2025 18:11,25/03/2025 18:29,Tower Bridge,Kensington,19,82.85,6,GoldenGear,5,Great ride!,Completed,23/03/2025 00:00
cbc8ce90-4bc6-4542-9302-9e51d9461e6a,24/03/2025 19:41,24/03/2025 20:19,Tower Bridge,Greenwich,18.5,59.81,4,MorningHustler,5,Highly recommended!,Completed,23/03/2025 00:00
7c3397ab-e364-4459-9bc5-14e90da765d4,22/03/2025 16:10,22/03/2025 16:20,King's Cross,Hyde Park,28.7,123.67,6,Passenger_299,4,Would use again,Completed,23/03/2025 00:00
abd935a7-423b-41fa-b21d-727b7e3ee04e,25/03/2025 20:28,25/03/2025 21:15,Oxford Street,Canary Wharf,49,218.01,5,ThamesRider,4,Friendly driver,In Progress,23/03/2025 00:00
71aca987-742f-43f9-b0b6-9906c4ffe4f8,21/03/2025 03:25,21/03/2025 03:49,Heathrow Airport,Buckingham Palace,9.1,46.05,4,Passenger_223,4,Arrived late,Completed,23/03/2025 00:00
a61810dd-8393-4228-b8a1-3cde63cf5fa5,22/03/2025 16:39,22/03/2025 16:44,Victoria Station,Canary Wharf,24.2,49.48,8,Passenger_387,4,Friendly driver,Completed,23/03/2025 00:00
5bc1acff-d637-4f3b-9143-c9536faa9ee6,20/03/2025 10:46,20/03/2025 11:25,Camden Market,Wembley,4.1,19.62,8,Passenger_332,3,Arrived late,Completed,23/03/2025 00:00
e5f79b8f-be4c-4f79-90a5-a6ab1871a9cc,20/03/2025 15:26,20/03/2025 16:25,Victoria Station,Kensington,25.5,66.16,4,Passenger_294,5,Great ride!,Completed,23/03/2025 00:00
0a4b83cf-6187-43c2-a458-1cdb326e5dd1,26/03/2025 20:14,26/03/2025 20:28,Heathrow Airport,Piccadilly Circus,13.7,56.91,5,Passenger_234,5,Great ride!,In Progress,23/03/2025 00:00
dd48eda2-e4f3-43a7-aa66-5babc6fa02ec,20/03/2025 14:03,20/03/2025 14:27,Soho,Kensington,31.1,138.56,3,KnightRider,1,Had an issue during the trip,In Progress,23/03/2025 00:00
0a214b34-d1a9-4a8b-9511-a0d8694bcae7,21/03/2025 00:09,21/03/2025 00:52,King's Cross,Covent Garden,43.7,119.28,6,Passenger_432,4,Friendly driver,Completed,23/03/2025 00:00
cf344030-52b0-49cf-8163-694290b129d8,20/03/2025 07:24,20/03/2025 08:10,London Bridge,Southbank,25.2,114.82,6,Passenger_360,1,Had an issue during the trip,Completed,23/03/2025 00:00
df0b512a-0e48-4439-a448-22e48a369039,21/03/2025 14:27,21/03/2025 14:51,Camden Market,Hyde Park,4.6,12.92,4,Passenger_284,5,Very punctual and professional,Completed,23/03/2025 00:00
e168b0d4-a620-459c-a634-d0582b6f994a,21/03/2025 04:47,21/03/2025 05:17,Trafalgar Square,Southbank,7.2,32.07,1,Passenger_328,4,Would use again,Completed,23/03/2025 00:00
1fa548fd-1b72-432a-a6c9-0d1de68b7401,22/03/2025 10:10,22/03/2025 10:47,Oxford Street,Hyde Park,9.7,49.99,1,Passenger_255,5,Very punctual and professional,Completed,23/03/2025 00:00
e71eb74f-3322-4b02-8018-02791d085212,23/03/2025 08:33,23/03/2025 09:07,Tower Bridge,Wembley,25.7,109.38,4,Passenger_355,1,Had an issue during the trip,Completed,23/03/2025 00:00
4066a46e-bb1b-438c-8ae8-174e348d7f32,23/03/2025 02:07,23/03/2025 02:57,Camden Market,Canary Wharf,26.7,79.42,7,Passenger_241,5,Great ride!,Completed,23/03/2025 00:00
2b1446aa-04e0-48b9-a411-8d6cd2a6d4a3,21/03/2025 12:51,21/03/2025 13:48,Tower Bridge,Piccadilly Circus,33.4,134.41,1,Passenger_375,5,Highly recommended!,Completed,23/03/2025 00:00
34ec4d9d-d00e-4700-909d-f449094dd97c,23/03/2025 08:05,23/03/2025 08:18,Victoria Station,Greenwich,16.7,73.66,4,Passenger_428,4,Would use again,Completed,23/03/2025 00:00
582f1bd2-5b70-4a22-a57f-f5b1df8ef595,24/03/2025 07:00,24/03/2025 07:47,Tower Bridge,Canary Wharf,44.7,160.65,6,Passenger_257,5,Highly recommended!,Completed,23/03/2025 00:00
fe4fd1de-92d6-4ad1-849c-be4de5863354,26/03/2025 02:58,26/03/2025 03:22,Trafalgar Square,Hyde Park,38.9,123.31,2,Passenger_482,5,Highly recommended!,Completed,23/03/2025 00:00
739cf6cb-1d4e-46dc-9483-fa41048497c0,23/03/2025 01:02,23/03/2025 01:16,Soho,Canary Wharf,32.9,175.98,4,Passenger_268,5,Friendly driver,Completed,23/03/2025 00:00
4d452423-0d07-4307-a5ec-8c9d19236edd,22/03/2025 21:24,22/03/2025 22:04,Liverpool Street,Buckingham Palace,16.3,59.07,4,Passenger_296,5,Clean vehicle,Completed,23/03/2025 00:00
f4d261cd-884a-45e7-8334-99889e6c356c,26/03/2025 09:48,26/03/2025 10:06,Camden Market,Southbank,3.8,12.87,3,Passenger_369,5,Great ride!,Completed,23/03/2025 00:00
409c7b79-c810-46cc-a530-47819ff49435,21/03/2025 01:31,21/03/2025 02:10,London Bridge,Southbank,4.8,25.89,2,Passenger_401,5,Very punctual and professional,Completed,23/03/2025 00:00
32de40be-7742-4d51-8a68-3c4cc8da9d24,25/03/2025 19:42,25/03/2025 20:07,Tower Bridge,Hyde Park,15.2,54.07,8,Passenger_314,5,Great ride!,In Progress,23/03/2025 00:00
51f06131-02f8-4c11-b810-6c304fbdf866,20/03/2025 13:20,20/03/2025 13:52,Camden Market,Canary Wharf,29.9,65.15,8,SpeedTrail,5,Highly recommended!,Completed,23/03/2025 00:00
9fcaae27-fefa-4654-a9be-565e4f857d2a,25/03/2025 15:30,25/03/2025 15:50,Victoria Station,Canary Wharf,15.5,48.77,4,Passenger_271,5,Highly recommended!,Completed,23/03/2025 00:00
51201e51-7b56-4f27-a83d-d0292982a82f,22/03/2025 06:36,22/03/2025 07:30,Camden Market,Wembley,1.1,4.72,7,Passenger_459,5,Highly recommended!,Completed,23/03/2025 00:00
0b64ff5f-04e6-4e20-bb0a-60c8633ff217,23/03/2025 12:42,23/03/2025 13:20,Oxford Street,Southbank,37,177.78,7,Passenger_310,5,Great ride!,In Progress,23/03/2025 00:00
1ef3780c-8707-4d38-b1d1-6fac87264099,24/03/2025 00:33,24/03/2025 01:03,Oxford Street,Wembley,5.7,16.44,4,Passenger_412,4,Friendly driver,Completed,23/03/2025 00:00
3ebc5f68-c0ce-4d50-bd23-3cccc0c2731e,20/03/2025 12:00,20/03/2025 12:27,Liverpool Street,St Pancras Station,3,12.02,8,Passenger_418,2,Arrived late,Completed,23/03/2025 00:00
fce90bda-f39d-4f22-819c-7445afa3e66a,25/03/2025 20:53,25/03/2025 21:11,Trafalgar Square,Hyde Park,20.7,70.56,8,Passenger_355,4,Would use again,Completed,23/03/2025 00:00
a802aa03-80d9-4eda-a98d-3962b7b393d0,24/03/2025 09:43,24/03/2025 09:54,Soho,Kensington,21.4,63.03,4,Passenger_319,5,Highly recommended!,Completed,23/03/2025 00:00
5b87f602-a5a1-420a-bfe7-c57d5e4d81a4,25/03/2025 17:37,25/03/2025 17:52,King's Cross,Piccadilly Circus,19.2,58.78,4,Passenger_248,5,Very punctual and professional,Completed,23/03/2025 00:00
e1ffcdc4-a6f1-423b-ab3e-d02b1ddce2ae,20/03/2025 09:06,20/03/2025 09:31,Trafalgar Square,Piccadilly Circus,26.1,58.64,7,MarvelMover,4,Friendly driver,Completed,23/03/2025 00:00
d98e5234-be7f-42c6-95f1-4499192f7196,22/03/2025 14:07,22/03/2025 14:13,Heathrow Airport,Wembley,39.7,171.79,4,StationHawk,5,Friendly driver,In Progress,23/03/2025 00:00
dd9e075c-a402-4d7f-bb84-003dd1984f52,20/03/2025 13:21,20/03/2025 14:14,Soho,Piccadilly Circus,46.2,124.17,8,Passenger_454,5,Highly recommended!,Completed,23/03/2025 00:00
6648e05e-9677-404d-acee-f4b7488c20de,24/03/2025 22:05,24/03/2025 22:27,Oxford Street,Southbank,0.5,1.09,5,Passenger_330,5,Clean vehicle,Completed,23/03/2025 00:00
0bcc35b2-d2e2-49e6-be37-5624e74ebba7,22/03/2025 00:09,22/03/2025 01:07,London Bridge,Buckingham Palace,23.7,117.53,2,Passenger_390,5,Highly recommended!,Completed,23/03/2025 00:00
d114f041-9371-4468-b412-aa9ec0132c11,23/03/2025 22:01,23/03/2025 22:42,Heathrow Airport,Kensington,11,36.8,4,Passenger_307,4,Would use again,Completed,23/03/2025 00:00
779f7503-2d50-4e35-a7cb-f2d7e07cef85,24/03/2025 09:10,24/03/2025 09:17,Tower Bridge,Wembley,20.5,48.61,4,Passenger_326,1,Clean vehicle,Completed,23/03/2025 00:00
135206f1-8876-4bd5-9aa0-2b68fb6ec169,21/03/2025 18:46,21/03/2025 19:24,London Bridge,Piccadilly Circus,47.7,230.92,3,Passenger_324,4,Friendly driver,Completed,23/03/2025 00:00
08aca294-e83b-4ab0-932f-731ce32043e0,23/03/2025 00:40,23/03/2025 00:49,Soho,Kensington,30,145,8,KingRider,3,Arrived late,Completed,23/03/2025 00:00
7b439e8f-3a7a-4d5b-afbe-6f75709b9d47,20/03/2025 03:14,20/03/2025 03:28,Heathrow Airport,Greenwich,16.4,74.28,3,GalaxyRider,5,Very punctual and professional,Completed,23/03/2025 00:00
b0e473f8-5a0b-49e3-90ff-60dbf4d788e3,23/03/2025 06:29,23/03/2025 06:35,Soho,Buckingham Palace,9.8,37.99,7,RideTrail,4,Would use again,Completed,23/03/2025 00:00
a165eea0-edf9-4e30-b181-2d145221bfc3,22/03/2025 02:29,22/03/2025 02:38,London Bridge,Piccadilly Circus,42,154.21,1,Passenger_303,4,Clean vehicle,Completed,23/03/2025 00:00
30e37a12-c9a2-4c05-87b3-29f0e66f4404,24/03/2025 11:10,24/03/2025 11:45,Heathrow Airport,Buckingham Palace,1.1,2.69,1,GreenStreetHawk,5,Great ride!,Completed,23/03/2025 00:00
3cd89665-3801-4389-8b6b-fd01f8344cd7,20/03/2025 05:32,20/03/2025 06:01,Tower Bridge,Hyde Park,37,112.01,5,Passenger_283,4,Clean vehicle,In Progress,23/03/2025 00:00
959ca831-91e6-410e-b202-ccbc31fc809f,22/03/2025 17:33,22/03/2025 17:54,Oxford Street,Southbank,4.7,11.97,4,Passenger_497,1,Arrived late,Completed,23/03/2025 00:00
d30f8456-b141-41c2-82b0-84ee589fc271,22/03/2025 07:00,22/03/2025 07:37,Trafalgar Square,Kensington,43,218.69,4,QueenTraveller,1,Very punctual and professional,In Progress,23/03/2025 00:00
c820cff3-7a97-4263-a58d-0942a6cb5462,20/03/2025 10:08,20/03/2025 10:48,Heathrow Airport,Covent Garden,2.8,14.61,1,Passenger_388,2,Arrived late,Completed,23/03/2025 00:00
d883c97d-eacb-46dd-9b4c-e8e7956b3bc8,20/03/2025 21:15,20/03/2025 21:25,Oxford Street,Wembley,25.6,118.48,5,MarvelMover,5,Great ride!,Completed,23/03/2025 00:00
a4f2289f-757e-480b-a1ce-d08b03215ddd,21/03/2025 01:04,21/03/2025 01:53,Tower Bridge,St Pancras Station,19.1,87.95,1,Passenger_255,1,Arrived late,In Progress,23/03/2025 00:00
537355ee-f5fd-49f1-ae54-f9f1c3acdf06,26/03/2025 20:06,26/03/2025 20:20,King's Cross,Kensington,31.7,83.54,2,Passenger_359,4,Friendly driver,Completed,23/03/2025 00:00
11b8e7dc-06bf-45b0-8478-04ea0739356a,24/03/2025 15:02,24/03/2025 15:50,Camden Market,Canary Wharf,2.5,12.94,4,Passenger_303,5,Friendly driver,Completed,23/03/2025 00:00
5da11341-5f03-497a-80ba-2dedab75ac4f,25/03/2025 13:35,25/03/2025 13:57,Oxford Street,Wembley,3.7,15.8,7,Passenger_485,5,Great ride!,In Progress,23/03/2025 00:00
541659ef-48d4-4154-8cde-7fdd1664a622,21/03/2025 15:51,21/03/2025 16:09,King's Cross,Hyde Park,12.3,47.79,8,CamdenCrawler,5,Highly recommended!,Completed,23/03/2025 00:00
54368d91-450f-4d1f-bd3f-9f7a2dd43f2e,20/03/2025 15:42,20/03/2025 16:11,King's Cross,Buckingham Palace,40.2,86.46,1,Passenger_448,5,Highly recommended!,Completed,23/03/2025 00:00
161efda3-e1f6-4e6b-abc7-77fda714a0ba,23/03/2025 01:20,23/03/2025 01:30,Liverpool Street,Buckingham Palace,23.1,77.34,7,JohnDoe,5,Highly recommended!,Completed,23/03/2025 00:00
dd1ab738-affa-470d-bf45-5948a4f0d712,23/03/2025 06:27,23/03/2025 06:57,Heathrow Airport,Wembley,8.1,17.06,4,Passenger_384,4,Would use again,Completed,23/03/2025 00:00
5f714fab-0b49-4df7-9910-e8f500abd3f7,21/03/2025 00:27,21/03/2025 00:59,Oxford Street,Piccadilly Circus,32.7,115.15,5,Passenger_207,4,Friendly driver,Completed,23/03/2025 00:00
8f6a1326-5155-4d2d-bf6f-7b5fba70f266,23/03/2025 17:32,23/03/2025 18:13,King's Cross,Kensington,16.5,39.71,3,Passenger_202,1,Arrived late,Completed,23/03/2025 00:00
5742a827-56a4-4895-94e4-dc5f913f23d6,25/03/2025 17:50,25/03/2025 18:12,Heathrow Airport,Hyde Park,2.7,8.34,2,Passenger_283,4,Friendly driver,In Progress,23/03/2025 00:00
dd8fc00a-3335-458c-b15a-f2ffd659a309,22/03/2025 21:20,22/03/2025 22:06,Camden Market,Hyde Park,40.9,106.91,3,Passenger_284,2,Arrived late,In Progress,23/03/2025 00:00
85460a72-ac73-4e71-9479-6de40c3c5980,26/03/2025 19:03,26/03/2025 19:38,Liverpool Street,Southbank,29.3,103.06,6,Passenger_275,5,Great ride!,In Progress,23/03/2025 00:00
b165ed8c-2087-4938-9d0c-ce341c330cf9,22/03/2025 06:13,22/03/2025 07:07,Trafalgar Square,Wembley,16.5,50.94,4,Passenger_465,4,Very punctual and professional,Completed,23/03/2025 00:00
39f2631c-d4cb-46a4-876a-d719d15b5e7a,25/03/2025 22:36,25/03/2025 22:53,London Bridge,Wembley,42,187.43,2,Passenger_207,4,Clean vehicle,Completed,23/03/2025 00:00
2af1d724-7e47-4647-bcb9-1c49f29a8bce,21/03/2025 13:00,21/03/2025 13:23,King's Cross,Kensington,2.1,5.98,2,Passenger_278,4,Very punctual and professional,Completed,23/03/2025 00:00
15193580-250f-4cea-ad51-415952ed6c1e,20/03/2025 14:06,20/03/2025 14:47,Victoria Station,Wembley,11.7,42.61,3,DriverDreamer,4,Friendly driver,Completed,23/03/2025 00:00
7703e3d2-952c-4b92-bb90-45836caf8630,23/03/2025 03:14,23/03/2025 04:05,Camden Market,Greenwich,21.2,78.71,4,Passenger_219,4,Very punctual and professional,In Progress,23/03/2025 00:00
cf8b480c-863a-4f13-8099-c35ce7d9c0a8,20/03/2025 03:10,20/03/2025 03:19,King's Cross,Greenwich,39.5,165.2,1,SkyCruiser,5,Great ride!,In Progress,23/03/2025 00:00
c237cbb7-7c99-458f-87cc-b31185f2d8ee,26/03/2025 09:23,26/03/2025 10:22,Heathrow Airport,Covent Garden,49.9,194.54,7,RegalMover,4,Very punctual and professional,Completed,23/03/2025 00:00
281fbf9a-c446-4002-8d97-f44ba29e8471,23/03/2025 17:45,23/03/2025 18:04,Victoria Station,St Pancras Station,34.9,168.14,2,Passenger_231,4,Very punctual and professional,Completed,23/03/2025 00:00
ca916b97-b902-49f4-beac-45e8c85d0276,24/03/2025 07:45,24/03/2025 08:00,London Bridge,St Pancras Station,41.7,99.07,8,Passenger_395,1,Arrived late,Completed,23/03/2025 00:00
dcd001de-9f38-4584-8389-ccf943b5dbb9,26/03/2025 16:22,26/03/2025 17:13,Trafalgar Square,St Pancras Station,21,75.12,2,TourAce,5,Great ride!,In Progress,23/03/2025 00:00
776178f9-36c1-4c23-ac84-e19d03b9c626,20/03/2025 21:54,20/03/2025 22:50,Tower Bridge,Kensington,28.4,141.57,7,Passenger_399,5,Highly recommended!,Completed,23/03/2025 00:00
1cbc62c0-d4bc-49a0-b47e-16bc2691b49b,23/03/2025 19:57,23/03/2025 20:06,Victoria Station,Southbank,0.4,1.26,5,Passenger_472,5,Great ride!,Completed,23/03/2025 00:00
21510b73-3df5-4f10-9b6e-9fd5abf16d6a,26/03/2025 14:43,26/03/2025 15:01,Trafalgar Square,Piccadilly Circus,2.4,7.37,5,Passenger_422,4,Would use again,In Progress,23/03/2025 00:00
a94d82dd-9ad0-4609-956a-b5b3a22bb19b,22/03/2025 21:54,22/03/2025 22:16,King's Cross,Canary Wharf,3.8,13.79,3,Passenger_368,4,Friendly driver,Completed,23/03/2025 00:00
932d645e-82c8-4aea-932d-f33e5ca4d89b,20/03/2025 22:30,20/03/2025 22:39,Liverpool Street,Hyde Park,22.8,46.35,7,Passenger_473,5,Highly recommended!,Completed,23/03/2025 00:00
92eab6ed-2cfa-4e11-a92f-e7a11ca23853,26/03/2025 22:25,26/03/2025 23:14,Heathrow Airport,St Pancras Station,20,91.92,4,Passenger_416,5,Highly recommended!,Completed,23/03/2025 00:00
4627f188-536d-438d-928e-f49fc15b68ee,23/03/2025 18:13,23/03/2025 18:46,Liverpool Street,Wembley,15.2,59.75,6,Passenger_371,4,Very punctual and professional,Completed,23/03/2025 00:00
683dc363-535a-447f-9aa0-cd46a7baf6e2,25/03/2025 18:52,25/03/2025 19:33,Camden Market,Kensington,32.9,127.53,6,SohoSwan,3,Arrived late,Completed,23/03/2025 00:00
787f205d-8ae7-496d-b531-3924bbb080c9,24/03/2025 10:05,24/03/2025 10:14,King's Cross,Wembley,36.3,76.57,2,Passenger_384,3,Clean vehicle,Completed,23/03/2025 00:00
2b25f899-1612-4f51-8622-8a928f2e9d5e,24/03/2025 20:12,24/03/2025 21:05,Soho,Kensington,16.7,77.61,1,Passenger_263,3,Clean vehicle,Completed,23/03/2025 00:00
8e952c62-62e6-41cf-be40-428233e20d10,21/03/2025 03:28,21/03/2025 04:13,London Bridge,Covent Garden,26.6,104.19,8,Passenger_360,4,Would use again,In Progress,23/03/2025 00:00
bd4dd91e-c4da-4cba-97a3-c42630a52809,20/03/2025 08:56,20/03/2025 09:34,Liverpool Street,Covent Garden,31.3,124.71,2,Passenger_498,5,Clean vehicle,Completed,23/03/2025 00:00
71d9e060-45ae-44ab-bcaf-0bb766e0f0fa,21/03/2025 09:53,21/03/2025 10:13,King's Cross,St Pancras Station,33.9,113.76,4,Passenger_241,5,Great ride!,In Progress,23/03/2025 00:00
73fd30e1-c21f-4f45-86f9-3160f8c034d1,25/03/2025 07:16,25/03/2025 07:49,Victoria Station,Covent Garden,15.2,39.95,6,Passenger_337,5,Great ride!,Completed,23/03/2025 00:00
21be6df3-5ed5-4164-a74f-923ee81dddd3,22/03/2025 22:53,22/03/2025 23:24,King's Cross,Covent Garden,12.9,51.01,1,Passenger_378,4,Very punctual and professional,Completed,23/03/2025 00:00
d5526d76-0a71-4b49-ac8d-c0feb284fa69,22/03/2025 00:38,22/03/2025 01:08,Oxford Street,Hyde Park,1,2.26,2,TravelQueen,5,Great ride!,Completed,23/03/2025 00:00
8d85d517-f09e-44e1-a599-e5d9908c736b,22/03/2025 06:13,22/03/2025 07:02,King's Cross,Covent Garden,9.7,36.3,7,Passenger_442,5,Great ride!,In Progress,23/03/2025 00:00
83d57e13-a434-4144-8cc4-0ef69a110775,26/03/2025 13:29,26/03/2025 14:12,Soho,Canary Wharf,4.4,16.9,6,Passenger_322,5,Highly recommended!,Completed,23/03/2025 00:00
8313033e-a59e-4725-b9d9-987748390da2,20/03/2025 15:31,20/03/2025 16:26,Camden Market,Wembley,22.2,119.42,1,Passenger_268,5,Great ride!,Completed,23/03/2025 00:00
644cb1b9-ebf2-4577-99dc-0146e822a2e5,25/03/2025 17:06,25/03/2025 17:25,Liverpool Street,Southbank,33.6,166.41,7,Passenger_493,5,Highly recommended!,In Progress,23/03/2025 00:00
0370e34c-7c6d-4a3e-bed3-0ee1ec64ae4e,24/03/2025 14:46,24/03/2025 14:54,Soho,Covent Garden,36.6,96.44,3,KnightOfTheRoad,5,Highly recommended!,Completed,23/03/2025 00:00
aa729649-5aa5-4c45-94ca-6e14cc55e879,26/03/2025 20:24,26/03/2025 20:44,Heathrow Airport,Hyde Park,49,142.16,1,TouristPro,1,Had an issue during the trip,Completed,23/03/2025 00:00
fbc18545-15eb-4952-b434-284a3c70dd35,26/03/2025 22:16,26/03/2025 22:34,Liverpool Street,Canary Wharf,13.3,50.1,6,Passenger_478,4,Very punctual and professional,Completed,23/03/2025 00:00
70f2a757-0bbd-4f64-ab70-fa7be25c5f76,22/03/2025 23:32,23/03/2025 00:02,Trafalgar Square,Southbank,13.6,31.89,5,Passenger_372,4,Clean vehicle,Completed,23/03/2025 00:00
609751ca-e56f-48c5-8dba-c2122469564c,25/03/2025 02:41,25/03/2025 02:52,King's Cross,Buckingham Palace,13.7,73.68,6,ParkPatron,1,Had an issue during the trip,In Progress,23/03/2025 00:00
ba934817-f748-4819-997e-4537090f60d4,20/03/2025 09:23,20/03/2025 10:00,Soho,Kensington,47.2,145.26,2,Passenger_207,4,Clean vehicle,Completed,23/03/2025 00:00
f0866375-be22-48fa-992c-689d2fcaeb70,20/03/2025 22:42,20/03/2025 23:06,Trafalgar Square,St Pancras Station,34.1,121.46,3,Passenger_298,4,Clean vehicle,Completed,23/03/2025 00:00
bb5ece3e-ae10-4703-84b4-8be74b5102e3,24/03/2025 15:35,24/03/2025 16:33,Heathrow Airport,Buckingham Palace,25.2,132.38,2,ElectricEvader,5,Great ride!,In Progress,23/03/2025 00:00
cab20120-c5b1-4cff-80ba-86a4e6737f47,25/03/2025 21:29,25/03/2025 21:55,Heathrow Airport,Wembley,39.5,166.21,7,Passenger_414,4,Friendly driver,Completed,23/03/2025 00:00
9a069557-4926-4a93-aa16-e025a05b3e86,20/03/2025 17:50,20/03/2025 18:49,Tower Bridge,Piccadilly Circus,39.6,185.05,7,Passenger_228,2,Arrived late,Completed,23/03/2025 00:00
11c1e4cb-8338-43b8-b997-857c71897692,22/03/2025 00:25,22/03/2025 00:48,Victoria Station,St Pancras Station,25.2,54.22,4,Passenger_369,4,Clean vehicle,Completed,23/03/2025 00:00
8b9bb070-8320-476f-8df8-f5512bd27a62,20/03/2025 08:13,20/03/2025 08:52,King's Cross,Buckingham Palace,30.6,71.98,6,TownTiger,3,Had an issue during the trip,Completed,23/03/2025 00:00
3b14214e-a895-4738-8e91-e5a2b46a924c,23/03/2025 07:43,23/03/2025 08:42,Liverpool Street,Wembley,43.9,230.12,3,Passenger_496,4,Clean vehicle,Completed,23/03/2025 00:00
f5157446-b6e7-494d-b3bb-813e3b78e522,26/03/2025 17:18,26/03/2025 18:02,Tower Bridge,Buckingham Palace,39.3,128.34,7,Passenger_360,4,Would use again,Completed,23/03/2025 00:00
962db188-97ad-4001-941a-b71a2f438a13,25/03/2025 06:45,25/03/2025 07:23,Soho,St Pancras Station,15.5,67.7,5,Passenger_430,4,Very punctual and professional,Completed,23/03/2025 00:00
d3fe3528-0023-4e77-b78a-81236b434ac9,25/03/2025 20:10,25/03/2025 20:15,Heathrow Airport,Southbank,45.9,221.4,2,RideTrail,5,Highly recommended!,Completed,23/03/2025 00:00
f6d04c44-8ca0-4b65-8fdb-c0dfcbd16b67,23/03/2025 19:47,23/03/2025 20:05,Victoria Station,Canary Wharf,25.6,63.61,1,Passenger_429,5,Highly recommended!,Completed,23/03/2025 00:00
dbf28a4a-d3bd-488c-9932-23e5802572a2,21/03/2025 17:07,21/03/2025 18:01,Soho,Buckingham Palace,46.4,214.42,8,Passenger_460,4,Arrived late,Completed,23/03/2025 00:00
66207418-f319-419e-b952-47c817b40281,24/03/2025 15:55,24/03/2025 16:49,Heathrow Airport,Covent Garden,5.7,12.35,4,BuckinghamBound,1,Clean vehicle,Completed,23/03/2025 00:00
7d26a152-58e7-4cfd-bcc6-20569495d61e,22/03/2025 17:54,22/03/2025 18:25,King's Cross,Greenwich,34.3,129.95,7,Passenger_486,4,Would use again,Completed,23/03/2025 00:00
9752e639-398a-47f2-b014-da284593758d,24/03/2025 15:37,24/03/2025 16:23,Liverpool Street,St Pancras Station,10.2,23.23,6,Passenger_281,4,Would use again,In Progress,23/03/2025 00:00
eadb83c0-2a13-4010-bd6e-775154ae6b76,21/03/2025 01:11,21/03/2025 01:35,King's Cross,Piccadilly Circus,3.2,6.64,7,ParkPatron,4,Friendly driver,Completed,23/03/2025 00:00
20fa606f-bb91-4fcd-b2c3-c73dc7a178c8,25/03/2025 11:04,25/03/2025 11:54,Victoria Station,Buckingham Palace,44.9,230.67,5,Passenger_400,5,Highly recommended!,Completed,23/03/2025 00:00
4aada269-5079-4c29-8243-3112201d3c7a,20/03/2025 21:53,20/03/2025 21:59,Heathrow Airport,Covent Garden,10.4,22,7,StationHawk,5,Highly recommended!,Completed,23/03/2025 00:00
f37ba6f5-c8a6-44b7-8e75-a9e32539a4ff,24/03/2025 16:41,24/03/2025 17:39,Heathrow Airport,Kensington,42.1,192.53,6,SohoSwan,4,Friendly driver,In Progress,23/03/2025 00:00
92a798d6-034e-4035-89f5-ac589c8d9b96,21/03/2025 02:39,21/03/2025 02:55,Heathrow Airport,Southbank,36.5,98.34,2,Passenger_300,5,Great ride!,Completed,23/03/2025 00:00
a1567dd0-cd38-4d1e-905c-e0f0d9b7a968,21/03/2025 16:25,21/03/2025 16:42,Oxford Street,Kensington,33.1,172.87,2,Passenger_344,5,Great ride!,Completed,23/03/2025 00:00
3aece816-9a43-4cf1-a57b-1d7ff17a4f37,24/03/2025 23:57,25/03/2025 00:19,London Bridge,Covent Garden,35.9,98.34,1,Passenger_458,5,Great ride!,Completed,23/03/2025 00:00
87f04653-68d5-41ec-96ae-0a546a0f8e97,26/03/2025 09:23,26/03/2025 09:50,Camden Market,Kensington,49.5,178.8,3,StationHawk,3,Arrived late,Completed,23/03/2025 00:00
9fe42de4-e407-45f2-9348-1ad81e2220be,21/03/2025 02:47,21/03/2025 03:11,Oxford Street,Southbank,10.4,54.69,5,Passenger_299,5,Highly recommended!,In Progress,23/03/2025 00:00
6f6e978a-db14-4142-9316-7a93df6f8bbd,23/03/2025 04:01,23/03/2025 05:00,Camden Market,Buckingham Palace,37.2,137.3,3,Passenger_414,4,Very punctual and professional,Completed,23/03/2025 00:00
9b2c3be4-fea3-4a0c-8952-7024630a0c03,24/03/2025 07:55,24/03/2025 08:10,London Bridge,Kensington,42.3,220.64,6,Passenger_204,4,Would use again,Completed,23/03/2025 00:00
4cbc8043-69cd-403a-bc78-8c283838bd10,24/03/2025 15:32,24/03/2025 15:43,Heathrow Airport,St Pancras Station,1.2,3.34,3,Passenger_347,4,Friendly driver,Completed,23/03/2025 00:00
a7204fdd-1aec-4129-a11b-c7da213d8b4f,22/03/2025 14:30,22/03/2025 15:15,Heathrow Airport,Kensington,47.5,99.3,2,Passenger_460,4,Friendly driver,Completed,23/03/2025 00:00
266fe92d-6849-4187-a58f-996803b74e90,20/03/2025 10:51,20/03/2025 11:02,King's Cross,Canary Wharf,42.5,151.97,8,Passenger_326,5,Highly recommended!,Completed,23/03/2025 00:00
82ac16f0-680d-4a66-9d40-c37d28603b5e,22/03/2025 23:14,23/03/2025 00:13,Heathrow Airport,St Pancras Station,36,134.44,5,Passenger_437,5,Highly recommended!,In Progress,23/03/2025 00:00
091912b4-5859-47d7-b6bc-646a0cf2c6b4,21/03/2025 04:51,21/03/2025 05:40,London Bridge,Kensington,5.4,14.72,8,Passenger_209,4,Very punctual and professional,In Progress,23/03/2025 00:00
281165cd-b086-45b1-9e67-0f091d2116f3,26/03/2025 06:17,26/03/2025 07:14,Soho,Kensington,19.3,105.76,7,Passenger_308,2,Arrived late,In Progress,23/03/2025 00:00
62ea3ac5-2076-4ac7-ae39-997ac7e34c09,22/03/2025 20:18,22/03/2025 20:44,Trafalgar Square,Piccadilly Circus,18.9,75.34,1,GalaxyRider,4,Friendly driver,Completed,23/03/2025 00:00
d82bcd67-a3d7-4388-96fa-4beb07f976b0,25/03/2025 20:22,25/03/2025 20:32,Oxford Street,Canary Wharf,47.7,235.54,4,Passenger_422,5,Great ride!,Completed,23/03/2025 00:00
8e6c5e6f-9afe-4744-b132-708f92e46e1f,23/03/2025 22:20,23/03/2025 22:41,Liverpool Street,Covent Garden,19.9,104.36,5,GreenStreetHawk,2,Arrived late,Completed,23/03/2025 00:00
e051483a-071b-4422-91a7-b7f45c907899,22/03/2025 08:42,22/03/2025 08:54,Trafalgar Square,Piccadilly Circus,22.1,116.98,1,Passenger_273,3,Arrived late,Completed,23/03/2025 00:00
2766d729-7065-4eed-9013-f9cc1c1c9c4e,26/03/2025 08:35,26/03/2025 08:43,Oxford Street,Wembley,28.2,79.25,1,Passenger_485,4,Very punctual and professional,In Progress,23/03/2025 00:00
1b8752b8-ee5a-42c1-915b-1e8ebc606100,23/03/2025 21:14,23/03/2025 21:21,Victoria Station,St Pancras Station,37,122.89,6,TheExplorer,5,Had an issue during the trip,Completed,23/03/2025 00:00
93ca5df8-c787-4471-bff1-fc135e50845b,25/03/2025 12:21,25/03/2025 12:51,Oxford Street,St Pancras Station,4.9,21.75,5,Passenger_278,4,Very punctual and professional,Completed,23/03/2025 00:00
7eb51927-b008-406b-a918-cc5eb0f31f65,21/03/2025 09:55,21/03/2025 10:36,Camden Market,Piccadilly Circus,0.6,2.24,6,Passenger_317,4,Friendly driver,Completed,23/03/2025 00:00
31787f0a-eb6d-4148-a04c-ae0038fbdd5c,20/03/2025 02:21,20/03/2025 02:51,King's Cross,Buckingham Palace,28.1,63.06,5,Passenger_263,4,Friendly driver,Completed,23/03/2025 00:00
d286ce97-cf88-42f0-b5c6-7fa9e7bc2596,20/03/2025 22:01,20/03/2025 22:58,King's Cross,Covent Garden,32.7,126.06,8,Passenger_403,4,Would use again,Completed,23/03/2025 00:00
7bfdd0ba-f351-439c-ac96-9d62a3226bd7,25/03/2025 19:10,25/03/2025 19:39,Oxford Street,Canary Wharf,14.5,78.73,7,Passenger_466,5,Highly recommended!,Completed,23/03/2025 00:00
53b7f822-97db-41d8-a6db-9afcb3bc6ea2,20/03/2025 18:31,20/03/2025 19:29,Soho,Canary Wharf,24.8,98.37,7,Passenger_312,5,Great ride!,Completed,23/03/2025 00:00
0d4832c5-fe3c-4ce8-b47f-f4f6f1aee543,22/03/2025 23:00,22/03/2025 23:27,Trafalgar Square,Southbank,12.5,42.69,1,Passenger_467,4,Had an issue during the trip,Completed,23/03/2025 00:00
8534f0e6-ad65-4d89-8504-59f95e264b30,23/03/2025 01:38,23/03/2025 02:24,Tower Bridge,Greenwich,3.3,12.08,1,Passenger_308,5,Great ride!,Completed,23/03/2025 00:00
41b023e9-e3d4-4c75-ac47-1105a57470a7,22/03/2025 21:21,22/03/2025 22:19,King's Cross,Canary Wharf,13.2,47.43,1,TourAce,4,Would use again,Completed,23/03/2025 00:00
7562adab-486e-4484-90b2-80e7bb0f32c6,21/03/2025 07:52,21/03/2025 08:30,Oxford Street,Hyde Park,35.8,74.54,6,Passenger_499,1,Had an issue during the trip,Completed,23/03/2025 00:00
fd792678-bbe4-4c2b-b821-1d21445279e8,23/03/2025 19:49,23/03/2025 20:49,Oxford Street,Covent Garden,26.8,60.21,8,Passenger_469,5,Great ride!,In Progress,23/03/2025 00:00
90485598-2eff-4d98-b42d-43f8a5258280,26/03/2025 03:45,26/03/2025 04:24,Victoria Station,Covent Garden,12.5,52.48,4,Passenger_363,5,Great ride!,Completed,23/03/2025 00:00
67011fd7-994f-4db3-a7d2-7557e3529a59,20/03/2025 21:45,20/03/2025 22:18,King's Cross,Piccadilly Circus,30.6,88.07,5,TouristPro,4,Would use again,In Progress,23/03/2025 00:00
ec9b69d1-718d-4564-be3c-0e28499f9512,25/03/2025 17:29,25/03/2025 17:47,Camden Market,St Pancras Station,12,39.38,2,Passenger_307,3,Arrived late,Completed,23/03/2025 00:00
659bd804-dfb3-4b30-a86e-8827746e9887,24/03/2025 01:11,24/03/2025 01:52,King's Cross,Kensington,21.1,46.22,8,ParkPivot,4,Friendly driver,Completed,23/03/2025 00:00
f4b0ae66-5788-40ce-9a62-a49bfb7bb113,25/03/2025 12:41,25/03/2025 13:34,Soho,Piccadilly Circus,39.2,198.49,7,Passenger_244,5,Great ride!,Completed,23/03/2025 00:00
5a5785dc-e3d7-4367-9b2a-6bd1550763fc,21/03/2025 07:55,21/03/2025 08:25,Trafalgar Square,Southbank,12.4,32.04,8,Passenger_343,5,Highly recommended!,Completed,23/03/2025 00:00
c915dec4-a224-4b2b-8b09-769ca57ae1ef,20/03/2025 05:59,20/03/2025 06:10,London Bridge,Southbank,47.1,111.88,3,Passenger_285,1,Had an issue during the trip,Completed,23/03/2025 00:00
aa2a1b09-868d-4b71-8ac5-544aa64a2a52,21/03/2025 09:57,21/03/2025 10:33,Tower Bridge,Piccadilly Circus,15.2,57.21,3,Passenger_425,4,Arrived late,Completed,23/03/2025 00:00
8a0970a2-76eb-4204-b9ed-473abd148946,23/03/2025 00:48,23/03/2025 01:00,Camden Market,Piccadilly Circus,38.5,150.27,3,Passenger_347,5,Highly recommended!,Completed,23/03/2025 00:00
0ee641a2-457c-43d8-8350-263cdc1a0a0d,21/03/2025 10:12,21/03/2025 11:08,Camden Market,Kensington,24.7,99.8,1,Passenger_380,5,Great ride!,In Progress,23/03/2025 00:00
291174f4-67bc-4e82-8ba3-9770926f2626,25/03/2025 12:04,25/03/2025 12:35,Oxford Street,Kensington,24.9,53.91,8,Passenger_212,5,Great ride!,In Progress,23/03/2025 00:00
ae6b74e9-3b4d-48d5-93ed-faa4ec36864b,23/03/2025 20:06,23/03/2025 20:37,Trafalgar Square,Southbank,26.9,110.89,4,Passenger_314,5,Great ride!,Completed,23/03/2025 00:00
2c3bf50d-4ef2-4099-aafb-d909dfc0d1ef,20/03/2025 22:48,20/03/2025 23:21,Victoria Station,St Pancras Station,48.4,228.21,3,PassengerAce,5,Clean vehicle,Completed,23/03/2025 00:00
4fdeaa92-1dcc-45c8-b1b3-15eac2f1fc0f,20/03/2025 14:50,20/03/2025 14:58,Heathrow Airport,St Pancras Station,47.5,187.77,2,Passenger_400,5,Great ride!,Completed,23/03/2025 00:00
d36c5e31-af45-413f-ba5a-334830f58152,23/03/2025 10:13,23/03/2025 10:36,Victoria Station,Covent Garden,5.9,15.95,3,Passenger_269,4,Had an issue during the trip,Completed,23/03/2025 00:00
7efb2131-9eaf-47e3-95f6-9b6f2dbbb844,22/03/2025 10:53,22/03/2025 11:50,Victoria Station,St Pancras Station,13.3,33.76,6,Passenger_403,5,Clean vehicle,Completed,23/03/2025 00:00
c592912f-4c43-4da4-b6f7-0760f5e70699,23/03/2025 13:37,23/03/2025 14:22,Camden Market,Canary Wharf,28.6,156.76,2,Passenger_336,5,Highly recommended!,Completed,23/03/2025 00:00
4c5b4f62-cfac-4ea2-9a7b-9801037acd8c,20/03/2025 21:40,20/03/2025 22:14,Camden Market,Canary Wharf,17.8,55.84,5,Passenger_214,5,Clean vehicle,In Progress,23/03/2025 00:00
ed45df83-08b1-42e7-91ec-ffb146fd2cc2,26/03/2025 20:36,26/03/2025 20:45,Oxford Street,Wembley,45.8,130.13,3,Passenger_477,5,Highly recommended!,Completed,23/03/2025 00:00
e03342b3-2f02-4cb4-ab4a-da16798d778f,21/03/2025 03:21,21/03/2025 04:05,Soho,Canary Wharf,2.3,12.56,3,MarvelMover,5,Great ride!,Completed,23/03/2025 00:00
a0e35fda-b76f-4fb8-8826-bff6babe8109,25/03/2025 02:24,25/03/2025 03:20,King's Cross,Wembley,9.9,52.42,8,Passenger_357,3,Arrived late,In Progress,23/03/2025 00:00
3d59dd02-5465-41ad-8b79-8cf7f056856b,26/03/2025 05:45,26/03/2025 06:37,Oxford Street,Kensington,37,127.69,2,Passenger_235,5,Highly recommended!,Completed,23/03/2025 00:00
58bb14d2-d4f4-44b7-9c24-fbbf7e52ff50,20/03/2025 16:37,20/03/2025 17:25,Soho,Southbank,48.5,112.62,1,Passenger_451,4,Clean vehicle,Completed,23/03/2025 00:00
551da613-d25e-4d76-8804-8cc7297142df,25/03/2025 13:56,25/03/2025 14:17,London Bridge,Buckingham Palace,1.7,7.29,2,Passenger_375,5,Highly recommended!,Completed,23/03/2025 00:00
ba239f4c-8da8-4f17-87d7-782bf6be3d83,20/03/2025 16:17,20/03/2025 17:17,Heathrow Airport,Kensington,11.4,39.32,8,Passenger_284,5,Highly recommended!,Completed,23/03/2025 00:00
a311051b-45e5-4d7f-a8f5-2e385a69b025,20/03/2025 05:06,20/03/2025 05:15,Camden Market,Kensington,35.6,78.94,5,Passenger_459,1,Had an issue during the trip,Completed,23/03/2025 00:00
965fc80f-9515-49a2-bc72-e50812ff72bd,21/03/2025 14:53,21/03/2025 15:25,Tower Bridge,Buckingham Palace,7.2,34.15,2,Passenger_309,3,Clean vehicle,Completed,23/03/2025 00:00
55ffcfeb-a62c-4170-bf15-e87f7347c186,20/03/2025 14:37,20/03/2025 15:37,Soho,Greenwich,19.3,66.65,3,Passenger_232,5,Great ride!,Completed,23/03/2025 00:00
80932263-0543-476d-986c-88d116a9b64a,20/03/2025 05:08,20/03/2025 05:44,King's Cross,Covent Garden,11.1,45.28,7,Passenger_260,3,Arrived late,Completed,23/03/2025 00:00
2209fab0-0520-48df-bac8-e5e5663e7a1b,20/03/2025 10:43,20/03/2025 11:14,London Bridge,Southbank,12.8,44.29,7,Passenger_477,5,Clean vehicle,Completed,23/03/2025 00:00
0d23a0f9-55d3-4b0b-a3d5-f74851fa5bf4,26/03/2025 10:10,26/03/2025 10:35,Tower Bridge,St Pancras Station,0.2,0.61,5,Passenger_410,4,Very punctual and professional,Completed,23/03/2025 00:00
5db2bbd0-6665-4db1-a7a5-f0105d8dc609,23/03/2025 02:00,23/03/2025 02:14,London Bridge,Southbank,44.8,166.47,2,Passenger_356,5,Highly recommended!,Completed,23/03/2025 00:00
19f4d600-b1e0-4f8e-885f-f038e57df726,21/03/2025 16:16,21/03/2025 16:36,Liverpool Street,Hyde Park,19.9,69.29,7,UrbanJumper,5,Great ride!,Completed,23/03/2025 00:00
12c20138-c1f0-42e9-b68d-f3bca422c54b,25/03/2025 10:43,25/03/2025 11:02,Camden Market,Canary Wharf,24.4,87.85,3,Passenger_421,4,Very punctual and professional,Completed,23/03/2025 00:00
2676b771-c03a-4735-afd8-fbb9b1ad6f95,22/03/2025 03:45,22/03/2025 03:52,Victoria Station,Piccadilly Circus,10.4,30.21,8,Passenger_393,4,Very punctual and professional,Completed,23/03/2025 00:00
c24fd8f8-6dc8-41a5-bc06-f640b727aa1a,24/03/2025 02:18,24/03/2025 02:26,Victoria Station,Piccadilly Circus,19.9,108.89,8,Passenger_324,4,Would use again,Completed,23/03/2025 00:00
40ea9475-5a1c-4b17-9637-6267d46ea7af,20/03/2025 09:11,20/03/2025 09:45,London Bridge,St Pancras Station,17.1,52.44,7,LondonKnight,5,Great ride!,Completed,23/03/2025 00:00
b4905aa6-f5bb-4a3c-9529-eecc6cd74142,25/03/2025 18:55,25/03/2025 19:51,Soho,Canary Wharf,6.9,35.32,1,Passenger_229,5,Great ride!,Completed,23/03/2025 00:00
88aa4481-b65f-4c7f-961d-a5425e702e54,23/03/2025 18:02,23/03/2025 18:19,Tower Bridge,Wembley,36.8,190.7,5,Passenger_309,5,Highly recommended!,Completed,23/03/2025 00:00
441697e5-20d7-4a7f-9207-2ff335de529d,20/03/2025 16:26,20/03/2025 16:57,King's Cross,Wembley,44.3,194.09,1,StPancrasPirate,1,Arrived late,Completed,23/03/2025 00:00
2e6bd2c1-cd5e-4df7-b6c9-6b1eb0fadf57,26/03/2025 06:10,26/03/2025 06:48,Camden Market,Covent Garden,42.3,230.72,8,Passenger_490,4,Very punctual and professional,Completed,23/03/2025 00:00
678e3e4a-975d-4036-9dfa-07036edbf76c,25/03/2025 16:52,25/03/2025 17:26,Soho,Covent Garden,26.9,72.6,7,Passenger_367,1,Arrived late,Completed,23/03/2025 00:00
7c15d68f-8a6e-42ba-9299-54baea4a3951,22/03/2025 07:21,22/03/2025 07:50,Trafalgar Square,Greenwich,34,184.38,6,Passenger_248,4,Had an issue during the trip,Completed,23/03/2025 00:00
51f86306-e24a-472e-ac2b-b9122ec4b291,25/03/2025 07:21,25/03/2025 08:03,Heathrow Airport,Covent Garden,14.2,55.62,2,SpeedTrail,4,Very punctual and professional,Completed,23/03/2025 00:00
514585eb-7624-4856-aa11-f51eab91b0ee,22/03/2025 19:07,22/03/2025 19:17,King's Cross,Covent Garden,32.2,78.33,7,Passenger_362,5,Great ride!,Completed,23/03/2025 00:00
fa1b1d87-6dfa-45e1-a4e4-f1d45949d85e,26/03/2025 16:39,26/03/2025 17:29,Liverpool Street,St Pancras Station,44.7,154.84,7,Passenger_310,4,Would use again,Completed,23/03/2025 00:00
9a9f8b49-38f9-4f97-b25c-efacea3eeaad,25/03/2025 10:04,25/03/2025 10:13,Camden Market,St Pancras Station,16.7,82.66,4,Passenger_480,5,Highly recommended!,In Progress,23/03/2025 00:00
b6b83c9f-a7e3-4a68-91eb-481edfa0b285,26/03/2025 11:10,26/03/2025 11:30,London Bridge,Kensington,8.7,31.15,8,Passenger_306,4,Friendly driver,Completed,23/03/2025 00:00
76ca09b1-13e0-48cf-8fc2-da8ab2132232,24/03/2025 11:11,24/03/2025 12:09,Liverpool Street,Southbank,3.4,17.74,3,Passenger_353,5,Highly recommended!,In Progress,23/03/2025 00:00
26cd4f55-77a6-412e-9b67-64f23ecaf852,26/03/2025 07:19,26/03/2025 08:16,King's Cross,Hyde Park,17.7,70.54,1,BoroughBounder,4,Would use again,Completed,23/03/2025 00:00
aca30b0b-2de4-457a-a899-18b3c142ad46,21/03/2025 22:34,21/03/2025 22:44,Trafalgar Square,Hyde Park,22.2,106.73,7,Passenger_263,4,Very punctual and professional,Completed,23/03/2025 00:00
0d715ea1-bfaa-4784-849b-27d65a4fa705,25/03/2025 20:38,25/03/2025 21:12,Camden Market,Buckingham Palace,40.1,171.48,6,Passenger_330,4,Very punctual and professional,Completed,23/03/2025 00:00
cc10bead-6e71-4b5e-b11c-1d714ea0efa0,25/03/2025 06:25,25/03/2025 06:50,Camden Market,Wembley,20.8,95.72,7,Passenger_482,1,Arrived late,Completed,23/03/2025 00:00
e4be77db-55c2-414f-bc00-a4bc50f05a74,26/03/2025 10:55,26/03/2025 11:11,Tower Bridge,Kensington,40.8,149.86,2,Passenger_497,5,Great ride!,Completed,23/03/2025 00:00
fed36e53-e1a6-4a30-b507-9ddbbe4143c7,21/03/2025 10:13,21/03/2025 10:32,Liverpool Street,Greenwich,27.4,139.13,3,Passenger_348,4,Would use again,In Progress,23/03/2025 00:00
72e12b61-57f8-499e-8888-ae88720cb37e,25/03/2025 21:26,25/03/2025 21:40,Trafalgar Square,Kensington,44,241.79,4,Passenger_354,1,Arrived late,In Progress,23/03/2025 00:00
f31fa9e2-a347-4a07-8fd4-ba8dca9f4fcb,20/03/2025 19:03,20/03/2025 20:01,Oxford Street,Hyde Park,48.1,207.8,3,Passenger_475,4,Would use again,Completed,23/03/2025 00:00
39b4cbe3-548f-4ea7-aef2-bf0d99d11f4b,20/03/2025 12:26,20/03/2025 12:47,Trafalgar Square,Covent Garden,2,8.3,8,QueenBee,4,Arrived late,Completed,23/03/2025 00:00
de97bd67-f9b6-40cc-bd46-cb4a8f82e20e,23/03/2025 02:29,23/03/2025 02:59,King's Cross,Covent Garden,10,46.91,4,Passenger_307,5,Great ride!,In Progress,23/03/2025 00:00
af1bfd93-c82b-441c-82cd-59c5818e85ba,24/03/2025 23:24,24/03/2025 23:45,Camden Market,Buckingham Palace,27.6,148.75,8,DockRider,3,Arrived late,In Progress,23/03/2025 00:00
838687e4-5415-4406-baf1-27a48e0ecdbe,22/03/2025 08:14,22/03/2025 08:38,Camden Market,Kensington,35.8,75.26,6,UrbanJumper,5,Great ride!,Completed,23/03/2025 00:00
27762749-9df6-4df4-ba72-135e7c548aaf,26/03/2025 04:09,26/03/2025 04:55,Tower Bridge,Piccadilly Circus,31.4,77.06,3,Passenger_441,1,Arrived late,Completed,23/03/2025 00:00
e45a53ec-2d83-46a2-a4ae-c56afc2e4f7a,22/03/2025 17:53,22/03/2025 18:42,Trafalgar Square,Piccadilly Circus,3.5,14.67,1,Passenger_490,4,Very punctual and professional,In Progress,23/03/2025 00:00
875037c6-b4e8-4163-adb1-9f4eb4b14038,20/03/2025 05:40,20/03/2025 06:15,Tower Bridge,Kensington,2.1,5.25,1,JohnDoe,4,Would use again,Completed,23/03/2025 00:00
56d9e95c-5550-4fff-b9e9-6e85d521b583,24/03/2025 01:29,24/03/2025 02:20,Victoria Station,Wembley,44.4,137.98,2,Passenger_467,2,Arrived late,Completed,23/03/2025 00:00
2228be80-a2e2-4b7d-9dbe-7d07d43a5fd4,22/03/2025 15:29,22/03/2025 15:46,Heathrow Airport,Hyde Park,12.5,59.72,4,RiverRunner,5,Great ride!,Completed,23/03/2025 00:00
96d35aaa-b292-41a7-b05a-41c7cc53627b,24/03/2025 10:04,24/03/2025 10:21,Oxford Street,Southbank,15.9,83.51,6,Passenger_218,1,Had an issue during the trip,In Progress,23/03/2025 00:00
e93bbc4a-8537-4394-b9d2-dc17b488e737,24/03/2025 01:15,24/03/2025 01:57,Heathrow Airport,Southbank,41.1,173.56,1,Passenger_373,5,Great ride!,Completed,23/03/2025 00:00
e8366d8a-48b8-4947-89f1-d1130706c042,25/03/2025 08:10,25/03/2025 08:58,Trafalgar Square,Greenwich,6.7,33.17,3,Passenger_385,4,Very punctual and professional,Completed,23/03/2025 00:00
258799b3-3512-40dc-98aa-cfc271e7cb8a,23/03/2025 07:27,23/03/2025 08:05,Soho,Canary Wharf,24,59.44,3,Passenger_312,2,Arrived late,Completed,23/03/2025 00:00
2f39638f-6d97-4767-a78a-2a7350fde5f6,23/03/2025 09:50,23/03/2025 09:56,Liverpool Street,Wembley,37.9,163.1,1,Passenger_293,1,Had an issue during the trip,Completed,23/03/2025 00:00
542f550f-aa69-4139-82be-44e1fe11a3fe,22/03/2025 05:15,22/03/2025 05:44,Heathrow Airport,Kensington,31.5,155.26,6,StarGazer,5,Highly recommended!,Completed,23/03/2025 00:00
fcaca6c8-1fca-4daa-a336-dd4baaa13f8a,22/03/2025 08:15,22/03/2025 08:55,Heathrow Airport,Hyde Park,9.4,41.18,8,Passenger_444,3,Arrived late,In Progress,23/03/2025 00:00
34497ab4-bc4d-4adb-96b1-91e4559be49b,21/03/2025 14:37,21/03/2025 15:34,King's Cross,Piccadilly Circus,26.1,125.13,8,Passenger_202,4,Very punctual and professional,Completed,23/03/2025 00:00
c22d5830-aedb-45df-89a3-5353abc94e70,20/03/2025 04:30,20/03/2025 05:20,Oxford Street,St Pancras Station,45.3,97.38,6,Passenger_304,5,Great ride!,Completed,23/03/2025 00:00
dc2fe107-85ff-4ee6-97e3-20513ea7432d,22/03/2025 14:28,22/03/2025 15:19,Oxford Street,Piccadilly Circus,45,150.18,7,Passenger_416,4,Clean vehicle,Completed,23/03/2025 00:00
39245f28-f50c-4f8f-b67b-0dbb2c5659bc,25/03/2025 16:37,25/03/2025 17:31,Camden Market,Kensington,17.5,50.56,5,SohoSwan,5,Highly recommended!,Completed,23/03/2025 00:00
a207bce9-96b5-4a1b-bf4f-99332f4954fc,23/03/2025 16:29,23/03/2025 17:18,Trafalgar Square,Buckingham Palace,20.2,93.67,1,TowerTransit,4,Very punctual and professional,Completed,23/03/2025 00:00
9e9e01e3-4652-40df-afff-ad0f2225aab3,23/03/2025 00:17,23/03/2025 01:04,Heathrow Airport,Wembley,30,112.83,1,Passenger_206,4,Clean vehicle,Completed,23/03/2025 00:00
732d60b0-0928-4e64-842b-7bfb3354582a,26/03/2025 13:10,26/03/2025 13:25,King's Cross,Piccadilly Circus,0.4,1.45,7,Passenger_477,3,Clean vehicle,Completed,23/03/2025 00:00
bec0e239-a1e0-4d61-bdb8-788048a3fe57,25/03/2025 21:54,25/03/2025 22:03,King's Cross,Wembley,6.1,18.2,1,Passenger_440,3,Arrived late,Completed,23/03/2025 00:00
fd29469a-b59a-48ee-aa83-b1e3b849be29,20/03/2025 05:06,20/03/2025 05:34,Camden Market,Canary Wharf,46.3,158.32,6,Passenger_347,1,Had an issue during the trip,In Progress,23/03/2025 00:00
7d521a5a-2e51-42e8-9eaa-01448f3a636f,24/03/2025 16:52,24/03/2025 17:49,Tower Bridge,Wembley,22.1,94.64,2,Passenger_273,1,Had an issue during the trip,Completed,23/03/2025 00:00
84605e2b-6798-4579-9cd9-fc7a0baccbaa,25/03/2025 03:20,25/03/2025 03:34,Camden Market,Canary Wharf,36.9,163.06,1,Passenger_277,5,Highly recommended!,In Progress,23/03/2025 00:00
ac3b26e2-0d6f-49dd-912e-34180b88a1c9,24/03/2025 19:36,24/03/2025 20:29,Liverpool Street,Greenwich,11.1,56.29,5,Passenger_433,2,Arrived late,In Progress,23/03/2025 00:00
24c89846-a812-4f96-9801-56cd09682dd9,24/03/2025 16:29,24/03/2025 17:04,Oxford Street,Hyde Park,44.3,126.14,6,Passenger_351,5,Great ride!,Completed,23/03/2025 00:00
c0648169-3700-4915-ae55-75fdbdb1e96d,24/03/2025 08:32,24/03/2025 09:04,Camden Market,Buckingham Palace,23.2,59.86,5,CityExplorer,4,Would use again,In Progress,23/03/2025 00:00
ae38a719-73e8-4a81-b2e3-993c233091d9,20/03/2025 01:37,20/03/2025 01:53,Heathrow Airport,Southbank,4.2,15.05,5,Passenger_250,3,Clean vehicle,Completed,23/03/2025 00:00
51fbbab0-99a0-4181-91f4-ba4b52774fac,20/03/2025 04:56,20/03/2025 05:18,Tower Bridge,Hyde Park,39.8,208.05,3,EcoChaser,1,Had an issue during the trip,Completed,23/03/2025 00:00
5e96db28-4b6d-4818-8c2d-d774bc82f6e6,21/03/2025 17:22,21/03/2025 17:43,Heathrow Airport,Buckingham Palace,5.6,22.66,5,Passenger_397,4,Very punctual and professional,Completed,23/03/2025 00:00
0c29f383-4906-490e-a339-383c2c081f17,22/03/2025 20:19,22/03/2025 20:28,Tower Bridge,Wembley,32.3,152.58,2,Passenger_261,1,Had an issue during the trip,Completed,23/03/2025 00:00
8999bc5a-a20b-42ca-b3e4-5ceb65ac5372,23/03/2025 15:09,23/03/2025 16:07,Heathrow Airport,Canary Wharf,38.6,174.32,8,Passenger_253,3,Had an issue during the trip,Completed,23/03/2025 00:00
466ad769-83ad-4708-b063-df12f555578e,26/03/2025 13:24,26/03/2025 13:29,Camden Market,Covent Garden,49.3,222.72,3,Passenger_295,5,Great ride!,In Progress,23/03/2025 00:00
da3ea669-b832-4a2e-91d7-6942ce9f8f80,25/03/2025 16:57,25/03/2025 17:23,Victoria Station,Southbank,19.2,94.85,7,Passenger_356,4,Friendly driver,Completed,23/03/2025 00:00
7f4c37b8-1cc2-4e12-9be9-b3e937beea09,20/03/2025 16:50,20/03/2025 17:40,King's Cross,Southbank,19.7,85.72,1,Passenger_399,5,Highly recommended!,Completed,23/03/2025 00:00
595d50ea-3241-4a3a-8124-82c0a7a841a1,21/03/2025 01:14,21/03/2025 01:56,Oxford Street,St Pancras Station,47.5,214.55,7,NeonCruiser,3,Had an issue during the trip,Completed,23/03/2025 00:00
209aae1d-59c0-4037-985b-52bd9bd88026,22/03/2025 03:56,22/03/2025 04:05,Tower Bridge,Greenwich,41.9,215.33,6,Passenger_496,4,Friendly driver,Completed,23/03/2025 00:00
ba530c57-8640-42fe-82ba-e0e2ecffeccb,24/03/2025 20:13,24/03/2025 20:38,Tower Bridge,Wembley,33.6,152.57,2,Passenger_220,5,Highly recommended!,In Progress,23/03/2025 00:00
588bc976-0401-4bfb-b730-8f4cf0466b1a,24/03/2025 14:47,24/03/2025 15:37,Tower Bridge,Wembley,36,160.12,2,Passenger_250,5,Great ride!,Completed,23/03/2025 00:00
fb962e3a-5334-4054-9d87-b13e6155621f,26/03/2025 02:27,26/03/2025 02:54,Trafalgar Square,St Pancras Station,40.7,150.73,7,Passenger_395,3,Had an issue during the trip,Completed,23/03/2025 00:00
17514ec4-55f2-4ca4-8499-577706b03047,23/03/2025 22:53,23/03/2025 23:13,Camden Market,Canary Wharf,13.7,32.27,1,Passenger_232,4,Friendly driver,Completed,23/03/2025 00:00
9676dfc0-0799-47c3-9817-3c03cf730761,20/03/2025 05:00,20/03/2025 05:41,Trafalgar Square,Southbank,0.5,2.49,4,Passenger_479,3,Clean vehicle,Completed,23/03/2025 00:00
72d1522f-1554-4c81-a43e-954ffe511ccd,25/03/2025 20:29,25/03/2025 20:36,Victoria Station,St Pancras Station,3.7,10.51,3,Passenger_427,1,Clean vehicle,Completed,23/03/2025 00:00
e40d5673-505e-4bca-84ff-376c9b45bb0f,22/03/2025 01:49,22/03/2025 02:29,London Bridge,Greenwich,19.2,95.73,1,Passenger_250,4,Friendly driver,Completed,23/03/2025 00:00
62e3a369-f7ba-41a5-984d-7527a254c7f0,25/03/2025 12:39,25/03/2025 13:27,Soho,Piccadilly Circus,4.9,11.24,7,Passenger_294,4,Very punctual and professional,Completed,23/03/2025 00:00
d7768676-f806-40de-bab8-dc365b0570f1,23/03/2025 13:22,23/03/2025 13:45,Camden Market,Buckingham Palace,28.1,133.23,5,Passenger_364,3,Had an issue during the trip,Completed,23/03/2025 00:00
659a7d7e-a692-43fc-b300-ff4d641b2657,26/03/2025 20:28,26/03/2025 21:06,Oxford Street,Hyde Park,9.6,34.19,7,Passenger_313,4,Friendly driver,Completed,23/03/2025 00:00
1256a4c6-6e89-4d0a-aa9a-4eebcd5d9aba,23/03/2025 08:49,23/03/2025 09:21,Trafalgar Square,Kensington,39.9,137.66,4,Passenger_220,5,Highly recommended!,Completed,23/03/2025 00:00
6332e3e3-c3db-4ff9-b5d6-ffdd1dfea2ba,24/03/2025 21:55,24/03/2025 22:07,Liverpool Street,Piccadilly Circus,26.1,107.64,5,Passenger_255,3,Had an issue during the trip,Completed,23/03/2025 00:00
bc362109-f330-4ce1-9629-f8c773dbc910,22/03/2025 04:15,22/03/2025 04:38,King's Cross,Canary Wharf,36.4,152.82,1,Passenger_459,3,Clean vehicle,Completed,23/03/2025 00:00
1191f565-989f-4268-ae90-d5a06f814a30,20/03/2025 05:55,20/03/2025 06:05,King's Cross,Canary Wharf,0.8,2.91,1,SkylineSeeker,4,Would use again,In Progress,23/03/2025 00:00
90121955-7e54-4e33-8e05-5c17d123802f,26/03/2025 09:40,26/03/2025 10:23,Camden Market,Kensington,20.3,87.08,8,Passenger_237,5,Great ride!,Completed,23/03/2025 00:00
9fbd394d-a024-4088-9610-969ec0677763,21/03/2025 06:56,21/03/2025 07:28,Tower Bridge,Southbank,12.8,60.48,8,Passenger_250,5,Great ride!,Completed,23/03/2025 00:00
d65164bc-bfc6-4ac8-9547-40fff3dbdd36,25/03/2025 23:55,26/03/2025 00:08,Liverpool Street,Southbank,33.7,184.95,3,Passenger_275,4,Would use again,Completed,23/03/2025 00:00
58066886-40c8-431b-bcc7-3d2567b5991a,26/03/2025 09:46,26/03/2025 10:10,Victoria Station,Hyde Park,45.3,202.22,5,Passenger_257,5,Great ride!,Completed,23/03/2025 00:00
8a054964-d11a-44cd-9db9-50791e0701c9,25/03/2025 23:55,26/03/2025 00:23,Camden Market,Covent Garden,37.5,116.26,2,Passenger_435,5,Highly recommended!,In Progress,23/03/2025 00:00
89182d31-05d8-4dba-95fa-b3780a301dcc,26/03/2025 21:21,26/03/2025 21:54,Liverpool Street,Kensington,47.9,145.93,7,Passenger_367,5,Great ride!,Completed,23/03/2025 00:00
5a9abd28-60b2-4c6c-8c49-9d5b15f6cb36,22/03/2025 01:55,22/03/2025 02:52,London Bridge,St Pancras Station,32.6,134.31,2,SunnyD,5,Friendly driver,Completed,23/03/2025 00:00
11629714-db01-4051-9974-4fb39fe03e8d,23/03/2025 22:35,23/03/2025 22:41,Oxford Street,Buckingham Palace,33.5,135.5,1,BridgeTrailblazer,4,Friendly driver,Completed,23/03/2025 00:00
0ed097f3-c7a0-4004-8fd6-1d76c864ecc6,20/03/2025 22:08,20/03/2025 22:36,Liverpool Street,Piccadilly Circus,8,38.21,6,Passenger_449,4,Very punctual and professional,Completed,23/03/2025 00:00
8acf6a25-4637-4d95-9c6a-935bf5522c49,25/03/2025 04:51,25/03/2025 05:33,Trafalgar Square,Canary Wharf,14.2,38.37,5,ThamesRider,5,Friendly driver,Completed,23/03/2025 00:00
19375f88-0591-4486-889e-a8481d9f094b,21/03/2025 14:42,21/03/2025 15:08,Oxford Street,Canary Wharf,6.8,33.9,7,Passenger_429,1,Clean vehicle,Completed,23/03/2025 00:00
72e24cac-de44-437e-a7cd-a74fa9e7ce50,25/03/2025 00:51,25/03/2025 01:01,Heathrow Airport,Hyde Park,8.8,29.25,3,Passenger_435,5,Great ride!,Completed,23/03/2025 00:00
6aeebb96-6fbc-4e5a-8cc0-0eb19b0c7153,23/03/2025 09:38,23/03/2025 10:32,Trafalgar Square,St Pancras Station,38,171.96,2,Passenger_311,4,Would use again,Completed,23/03/2025 00:00
206570a0-5563-4052-bf62-3f03e75542b1,20/03/2025 16:51,20/03/2025 17:17,King's Cross,Southbank,26.9,141.61,8,Passenger_243,4,Clean vehicle,In Progress,23/03/2025 00:00
d3de8f7a-2fea-4a8b-8da3-dc30bdd9b4e8,22/03/2025 12:35,22/03/2025 13:11,Soho,Buckingham Palace,27.4,138.28,7,Passenger_467,4,Would use again,Completed,23/03/2025 00:00
e8fc54dc-713d-4b23-8363-9c352d2a7ffc,21/03/2025 14:25,21/03/2025 15:15,Oxford Street,Buckingham Palace,40.6,95.37,8,TourAce,4,Would use again,Completed,23/03/2025 00:00
af50114e-1fd0-475c-87ac-9adb2ebcb8ba,26/03/2025 21:07,26/03/2025 21:38,King's Cross,Southbank,45.5,222.69,2,Passenger_394,4,Would use again,Completed,23/03/2025 00:00
97ef19f8-9be1-4641-84f0-9ee20df69513,21/03/2025 15:06,21/03/2025 15:50,Trafalgar Square,Kensington,30.2,107.86,6,Passenger_281,2,Had an issue during the trip,Completed,23/03/2025 00:00
1fe00204-90a6-4bad-8160-9e75569e629f,24/03/2025 01:41,24/03/2025 01:52,King's Cross,Covent Garden,9.4,39.91,5,StationHawk,1,Had an issue during the trip,In Progress,23/03/2025 00:00
570144a4-5817-48bd-ae4a-49bafd7715df,23/03/2025 09:42,23/03/2025 10:31,King's Cross,Hyde Park,45.6,208.73,6,Passenger_477,5,Great ride!,In Progress,23/03/2025 00:00
c7413ecf-03cb-48a5-97a9-66414b3997f4,23/03/2025 00:26,23/03/2025 00:41,Camden Market,Canary Wharf,2.9,9.54,3,Passenger_497,4,Arrived late,Completed,23/03/2025 00:00
e175ebf9-9970-4ddf-8270-6ec2e436bdd0,26/03/2025 12:48,26/03/2025 12:56,Victoria Station,Piccadilly Circus,49.6,247.33,6,Passenger_383,4,Would use again,Completed,23/03/2025 00:00
03cfadf2-e57b-4343-be60-8a84a0dd795a,25/03/2025 10:42,25/03/2025 10:58,Heathrow Airport,St Pancras Station,31.8,105.53,5,Passenger_439,5,Highly recommended!,Completed,23/03/2025 00:00
134b67a7-aa2c-4830-bc52-930d761ec6bc,26/03/2025 08:29,26/03/2025 09:13,Trafalgar Square,St Pancras Station,2.5,8.68,7,Passenger_380,5,Highly recommended!,Completed,23/03/2025 00:00
e44dfb80-0a56-437a-b140-2c0f9ab0fe2a,26/03/2025 14:52,26/03/2025 15:08,Trafalgar Square,Kensington,29.8,85.94,4,Passenger_202,2,Clean vehicle,Completed,23/03/2025 00:00
ac6eb159-dfdb-403f-9600-0aa9ee1c1415,22/03/2025 20:52,22/03/2025 21:11,Victoria Station,Covent Garden,7.8,15.71,6,Passenger_461,3,Arrived late,Completed,23/03/2025 00:00
6ae03f00-3396-437e-a54d-4e069a43da09,26/03/2025 17:19,26/03/2025 17:26,Liverpool Street,Buckingham Palace,5.9,30.8,7,Passenger_470,1,Had an issue during the trip,Completed,23/03/2025 00:00
3ad86810-606d-46af-8c1d-2855414a6353,24/03/2025 04:17,24/03/2025 04:31,Trafalgar Square,Greenwich,9.3,41.84,1,WembleyWanderer,2,Had an issue during the trip,Completed,23/03/2025 00:00
945b2e27-4b2b-4562-acf7-b93f19d626cf,24/03/2025 17:07,24/03/2025 17:29,Tower Bridge,Covent Garden,26.9,101.59,8,Passenger_416,4,Friendly driver,Completed,23/03/2025 00:00
1b4d1d09-aaa4-479c-9014-b73623d3bca5,21/03/2025 12:00,21/03/2025 12:30,King's Cross,Hyde Park,22,96.78,6,Passenger_377,4,Very punctual and professional,Completed,23/03/2025 00:00
56e2fc2e-37c4-43a6-8256-20f7a85c74a5,25/03/2025 16:58,25/03/2025 17:11,Heathrow Airport,Canary Wharf,25.7,125.18,5,Passenger_384,4,Clean vehicle,In Progress,23/03/2025 00:00
b9c2dc5b-6878-4377-8b76-edc5e8acfdb2,23/03/2025 23:50,24/03/2025 00:17,Heathrow Airport,Piccadilly Circus,19.1,80.75,6,Passenger_372,1,Had an issue during the trip,Completed,23/03/2025 00:00
b994a904-bbdf-4972-8b70-a8fea8959457,21/03/2025 23:43,21/03/2025 23:54,Soho,St Pancras Station,31.8,112.28,3,SilentWheels,3,Arrived late,Completed,23/03/2025 00:00
d46f3380-3fd4-439a-bdc5-2b439228252f,22/03/2025 22:48,22/03/2025 22:55,Victoria Station,Kensington,42.8,95,1,Passenger_374,5,Highly recommended!,Completed,23/03/2025 00:00
3bf6affe-5aa6-41ac-87d2-fc2b0ac60770,20/03/2025 12:19,20/03/2025 12:37,Trafalgar Square,Southbank,16.6,84.85,2,TurboTrekker,4,Very punctual and professional,Completed,23/03/2025 00:00
81d9f1cf-8a8a-4c0e-9ae7-3b5cedbb512d,21/03/2025 02:56,21/03/2025 03:42,Trafalgar Square,Canary Wharf,4,15.57,2,Passenger_249,5,Highly recommended!,In Progress,23/03/2025 00:00
57dd6ca8-ec9a-4176-87c1-375a79a5da73,25/03/2025 04:04,25/03/2025 05:03,Liverpool Street,Canary Wharf,48.2,153.31,5,Passenger_326,5,Highly recommended!,Completed,23/03/2025 00:00
84afde85-7c29-4aa5-bb22-829d4cc2a913,26/03/2025 08:16,26/03/2025 09:06,Trafalgar Square,Canary Wharf,44.8,169.69,4,Passenger_219,5,Great ride!,Completed,23/03/2025 00:00
5bc5702f-9a8c-4017-b62f-8c3df581baa4,26/03/2025 10:17,26/03/2025 11:11,Victoria Station,Greenwich,39.3,205.99,3,Passenger_400,4,Friendly driver,Completed,23/03/2025 00:00
6aad7cf7-f230-4e5c-b230-871a8d97e018,26/03/2025 17:21,26/03/2025 17:55,Trafalgar Square,St Pancras Station,25.4,111.14,2,Passenger_340,4,Friendly driver,Completed,23/03/2025 00:00
18b6bbe6-c4bc-46db-b19f-bc89bd8ec73e,23/03/2025 04:09,23/03/2025 04:31,Oxford Street,St Pancras Station,9.6,28.54,2,DockRider,5,Great ride!,Completed,23/03/2025 00:00
3251ced3-8e7f-4fac-ae50-2a34c06ba6fe,23/03/2025 15:56,23/03/2025 16:46,London Bridge,Buckingham Palace,32,145.3,5,CityExplorer,4,Very punctual and professional,Completed,23/03/2025 00:00
8a21b1e9-364f-48a0-aee6-eb1fd51efd5e,21/03/2025 00:00,21/03/2025 00:52,Oxford Street,Southbank,7.7,20.74,4,Passenger_464,5,Great ride!,Completed,23/03/2025 00:00
1aab957c-a29c-4a73-81aa-36b828d0a490,24/03/2025 09:41,24/03/2025 09:55,Liverpool Street,Southbank,29.1,149.12,2,Passenger_290,5,Highly recommended!,In Progress,23/03/2025 00:00
e40fe787-aa1f-4aaa-8733-0f7ff5c126a8,23/03/2025 13:21,23/03/2025 13:50,Oxford Street,St Pancras Station,4.8,20.06,5,Passenger_225,4,Would use again,Completed,23/03/2025 00:00
a1c370d1-5992-4694-8234-b400c9d07bc7,23/03/2025 10:15,23/03/2025 10:23,King's Cross,Hyde Park,47.5,153.05,1,Passenger_289,4,Very punctual and professional,Completed,23/03/2025 00:00
27077f98-e412-4587-bc59-8bb5e709ff6d,20/03/2025 22:38,20/03/2025 23:31,King's Cross,Canary Wharf,46.4,193.69,4,Passenger_499,4,Very punctual and professional,In Progress,23/03/2025 00:00
b11deda9-b23a-4c40-9061-6aa35e8898ef,26/03/2025 03:23,26/03/2025 03:38,Camden Market,Covent Garden,18.2,88.83,4,Passenger_434,5,Clean vehicle,Completed,23/03/2025 00:00
a566a216-4902-402f-a400-340f00cce882,20/03/2025 23:42,21/03/2025 00:38,Heathrow Airport,Canary Wharf,23.3,119.5,7,UrbanJumper,4,Very punctual and professional,Completed,23/03/2025 00:00
c59eb318-eebb-47ef-b89d-687062a7bd5a,26/03/2025 13:21,26/03/2025 13:33,Heathrow Airport,St Pancras Station,42.7,108.18,3,GreenwichGuru,3,Arrived late,Completed,23/03/2025 00:00
117de2e6-1336-4cfa-8514-9d263293faf7,20/03/2025 15:35,20/03/2025 16:22,King's Cross,Wembley,13.7,55.64,7,Passenger_494,5,Clean vehicle,Completed,23/03/2025 00:00
52cf93f0-a51a-4808-9ddb-ca523367e770,20/03/2025 23:22,21/03/2025 00:00,Heathrow Airport,Buckingham Palace,38.3,92.35,1,Passenger_477,4,Very punctual and professional,Completed,23/03/2025 00:00
8bf1f536-b983-4edd-ae70-0c59c2012e37,23/03/2025 09:16,23/03/2025 09:21,Victoria Station,Kensington,47,252.03,4,RideChampion,5,Highly recommended!,Completed,23/03/2025 00:00
138359ed-ee38-4669-b153-8f71eb13944e,25/03/2025 04:45,25/03/2025 05:08,Camden Market,Greenwich,20.8,101.28,6,Passenger_355,4,Would use again,In Progress,23/03/2025 00:00
850d2924-96ec-447d-ae05-460b813a512b,23/03/2025 22:52,23/03/2025 23:35,Soho,Covent Garden,12.5,41.2,4,SunnyD,5,Clean vehicle,Completed,23/03/2025 00:00
1ea32794-3937-4ea2-a6a8-5ca1daf9c6fa,21/03/2025 05:26,21/03/2025 06:21,London Bridge,Covent Garden,7.1,22.76,7,Passenger_349,5,Highly recommended!,Completed,23/03/2025 00:00
08b7a133-8f4f-4bc5-a39f-4933436dd10d,26/03/2025 12:12,26/03/2025 12:22,Liverpool Street,Canary Wharf,44.4,178.21,4,RoadRunner,4,Very punctual and professional,Completed,23/03/2025 00:00
a64acfca-1a81-403b-bbb7-852466837733,21/03/2025 11:10,21/03/2025 12:06,King's Cross,St Pancras Station,35.3,78.57,5,Passenger_427,4,Friendly driver,Completed,23/03/2025 00:00
a04fe3b8-2e40-45c8-a9ea-5c2bc262f1dc,25/03/2025 02:44,25/03/2025 02:50,Victoria Station,Canary Wharf,4.9,26.46,6,Passenger_356,4,Very punctual and professional,In Progress,23/03/2025 00:00
0e567761-0636-45fa-9a6e-777a478c9b0c,23/03/2025 14:02,23/03/2025 14:32,Heathrow Airport,Buckingham Palace,12.8,26.26,2,Passenger_420,1,Had an issue during the trip,Completed,23/03/2025 00:00
364dccd7-c9a2-483b-87d1-b8da8a36f9b4,23/03/2025 01:53,23/03/2025 02:25,King's Cross,Southbank,43.1,105.55,2,Passenger_271,2,Arrived late,Completed,23/03/2025 00:00
ed01fb8c-8b6b-4a06-ad13-2a7e38b9c65e,24/03/2025 19:01,24/03/2025 20:00,King's Cross,St Pancras Station,14.6,50.44,4,Passenger_382,5,Great ride!,In Progress,23/03/2025 00:00
4fdf2808-872b-4a62-8a3e-83d6c9e63aab,20/03/2025 17:39,20/03/2025 18:10,London Bridge,Greenwich,19.5,90.54,7,Passenger_348,2,Arrived late,Completed,23/03/2025 00:00
b819e5b1-72eb-4571-a7b2-935b77c2cc80,22/03/2025 17:55,22/03/2025 18:53,Victoria Station,Kensington,46.1,226.85,5,Passenger_365,4,Very punctual and professional,Completed,23/03/2025 00:00
3c19c309-e9c1-44be-be14-78e64933b3a1,20/03/2025 20:10,20/03/2025 20:48,Soho,St Pancras Station,48.8,156.83,8,Passenger_326,4,Would use again,Completed,23/03/2025 00:00
4cc8cb08-2750-4c6a-9b5d-cfee210b1728,20/03/2025 15:37,20/03/2025 16:17,Camden Market,Canary Wharf,9.2,41.06,8,Passenger_225,4,Very punctual and professional,Completed,23/03/2025 00:00
3e6d273a-30f8-4bc3-9bde-6bd787371ade,26/03/2025 12:44,26/03/2025 12:55,Tower Bridge,Greenwich,17.2,55.02,3,Passenger_387,4,Friendly driver,Completed,23/03/2025 00:00
287f5a85-2013-4284-b846-46339fb45d37,26/03/2025 10:59,26/03/2025 11:21,Camden Market,Covent Garden,9.1,48.19,4,PassengerAce,5,Clean vehicle,Completed,23/03/2025 00:00
88adfd7a-3dbe-4d69-bdc7-c8b89a9d59c9,22/03/2025 19:37,22/03/2025 20:26,Soho,St Pancras Station,45.8,236.41,4,Passenger_323,4,Would use again,Completed,23/03/2025 00:00
b71bccda-bbc1-4e8c-907e-4b5495189cff,22/03/2025 18:58,22/03/2025 19:17,Camden Market,Piccadilly Circus,7.6,35.48,3,RideChampion,5,Great ride!,Completed,23/03/2025 00:00
0ef83dd1-c346-4150-9119-68b8847dda3d,21/03/2025 15:51,21/03/2025 16:12,Camden Market,Canary Wharf,7.3,23.16,5,Passenger_499,4,Arrived late,Completed,23/03/2025 00:00
fa9bb975-5c4e-43eb-a64c-0bcc98e5ac43,24/03/2025 15:16,24/03/2025 16:10,Victoria Station,Southbank,15.1,54.44,5,Passenger_264,5,Highly recommended!,Completed,23/03/2025 00:00
f2a8c797-2d06-4e8e-9930-7f9e4efdb75e,25/03/2025 13:08,25/03/2025 13:44,Trafalgar Square,Hyde Park,22.5,59.39,5,Passenger_283,4,Friendly driver,Completed,23/03/2025 00:00
2cd87a76-0901-441b-bd66-63e2d3df91f4,21/03/2025 12:28,21/03/2025 12:44,Trafalgar Square,St Pancras Station,1.4,3.54,7,Passenger_491,5,Great ride!,Completed,23/03/2025 00:00
6cccbc9c-e6f9-4734-8b4e-46a11295b3eb,22/03/2025 11:42,22/03/2025 12:17,Liverpool Street,Piccadilly Circus,5.9,15.03,1,Passenger_440,5,Highly recommended!,Completed,23/03/2025 00:00
2a70e18e-fcc9-41b5-aa69-a6811ea8869f,25/03/2025 22:45,25/03/2025 23:38,Soho,Piccadilly Circus,38.8,176.04,4,Passenger_494,4,Very punctual and professional,Completed,23/03/2025 00:00
fede4cb4-fb00-47ea-92b1-f787fda51f1d,20/03/2025 10:41,20/03/2025 11:12,Camden Market,Covent Garden,39.4,86.58,8,Passenger_362,1,Had an issue during the trip,In Progress,23/03/2025 00:00
84a40672-2abb-408b-8b45-4073c34bb923,22/03/2025 08:18,22/03/2025 08:47,Oxford Street,Southbank,19,59.18,3,Passenger_232,5,Clean vehicle,In Progress,23/03/2025 00:00
8c8e2378-abb3-4c6c-9d12-a055f9c66c66,25/03/2025 23:55,26/03/2025 00:53,Victoria Station,Kensington,43.4,121.41,7,Passenger_264,4,Very punctual and professional,Completed,23/03/2025 00:00
265a70bc-74b0-4cc5-a1b9-dfed523d5cea,22/03/2025 05:54,22/03/2025 06:21,Trafalgar Square,Greenwich,1.5,4.72,2,PassengerAce,4,Friendly driver,Completed,23/03/2025 00:00
fb5ac7ea-d776-4757-a4a2-a4f8fa0983d5,21/03/2025 17:51,21/03/2025 18:45,London Bridge,Southbank,17.6,87.75,8,Passenger_313,5,Great ride!,Completed,23/03/2025 00:00
9e5a4b67-58a1-4d22-ae81-355e8aecce90,21/03/2025 16:41,21/03/2025 17:37,King's Cross,Kensington,41.1,172.23,2,Passenger_286,1,Had an issue during the trip,Completed,23/03/2025 00:00
7b2deabb-0ecf-4614-bd3d-365ad8362719,23/03/2025 12:30,23/03/2025 12:38,Heathrow Airport,Hyde Park,38.2,146.05,1,Passenger_407,4,Would use again,In Progress,23/03/2025 00:00
d5036442-ab69-4d72-9eee-42e26d4c6294,22/03/2025 22:55,22/03/2025 23:24,Trafalgar Square,Buckingham Palace,7.9,39.08,5,Passenger_327,2,Clean vehicle,Completed,23/03/2025 00:00
ec913a3a-561a-4028-90ad-cf6bd428d608,25/03/2025 17:43,25/03/2025 18:13,Camden Market,St Pancras Station,27.3,125.99,6,Passenger_347,4,Very punctual and professional,In Progress,23/03/2025 00:00
d3b42d28-67f8-4453-9afd-8b2f534396c7,22/03/2025 13:39,22/03/2025 14:36,Heathrow Airport,Greenwich,2.1,9.14,3,Passenger_471,5,Highly recommended!,Completed,23/03/2025 00:00
2278400c-96da-457a-adca-fafc60b9ed7e,22/03/2025 17:34,22/03/2025 17:58,Oxford Street,St Pancras Station,25,64.24,2,Passenger_493,4,Very punctual and professional,Completed,23/03/2025 00:00
bfc07c8e-5051-404f-8510-e5230f11b0d5,25/03/2025 18:28,25/03/2025 18:38,King's Cross,Kensington,45.2,134.98,4,Passenger_486,4,Very punctual and professional,Completed,23/03/2025 00:00
fb5beee8-cbfe-431b-bcb5-9a31b97afd98,20/03/2025 21:45,20/03/2025 22:14,Camden Market,Piccadilly Circus,1.7,7.62,7,Passenger_375,1,Clean vehicle,Completed,23/03/2025 00:00
a709a411-ee9b-479e-a0cf-1361453a65e8,21/03/2025 11:48,21/03/2025 12:31,King's Cross,Wembley,9.2,45.14,7,Passenger_392,4,Very punctual and professional,Completed,23/03/2025 00:00
2f57c6d6-bac1-44ab-bfcf-8068ae7fd159,23/03/2025 11:38,23/03/2025 12:26,Tower Bridge,Southbank,37,78.32,1,Passenger_433,2,Clean vehicle,Completed,23/03/2025 00:00
b7b50017-b9f3-40d7-8545-e54abc07314d,26/03/2025 15:12,26/03/2025 15:45,Heathrow Airport,Hyde Park,19.6,40.1,2,Passenger_241,1,Had an issue during the trip,In Progress,23/03/2025 00:00
c78f5388-a881-46c0-a29a-6fa84ade25e8,21/03/2025 13:03,21/03/2025 13:42,Soho,Kensington,32,99.45,6,Passenger_202,4,Friendly driver,Completed,23/03/2025 00:00
fee7f764-08cd-42e5-9e04-ca82b8066eb3,20/03/2025 13:20,20/03/2025 13:52,Heathrow Airport,Kensington,30.8,142.66,3,Passenger_439,5,Great ride!,Completed,23/03/2025 00:00
75734e3b-57e2-44fe-b781-1b74bd9a8e6a,20/03/2025 14:58,20/03/2025 15:43,Heathrow Airport,Hyde Park,33.1,167.8,4,TourAce,4,Arrived late,In Progress,23/03/2025 00:00
f4bebaa9-32d4-44f3-80e3-32546243a1ed,22/03/2025 22:38,22/03/2025 22:49,Trafalgar Square,Canary Wharf,5.1,24.57,1,Passenger_424,5,Highly recommended!,Completed,23/03/2025 00:00
790802a1-5517-482d-8b6a-0abb919c9298,22/03/2025 16:54,22/03/2025 17:25,Tower Bridge,Southbank,19.8,101.1,8,WembleyWanderer,1,Had an issue during the trip,Completed,23/03/2025 00:00
6a80e249-a5ba-4a0d-9d01-08d48e11cb9b,25/03/2025 10:01,25/03/2025 10:07,Liverpool Street,Wembley,26.7,56.89,1,SkyHigh,5,Highly recommended!,Completed,23/03/2025 00:00
ad56ab80-06e6-40fc-9140-410f5dfdd8f7,22/03/2025 06:23,22/03/2025 06:37,London Bridge,Buckingham Palace,32.4,167.99,5,Passenger_282,5,Great ride!,In Progress,23/03/2025 00:00
0f244c98-de03-40fb-87b3-5b235fcf1030,21/03/2025 19:59,21/03/2025 20:08,Trafalgar Square,Southbank,5.5,24.29,5,Passenger_413,4,Clean vehicle,Completed,23/03/2025 00:00
3b48f9a1-45cd-4c89-88b5-287a6e31893a,23/03/2025 16:54,23/03/2025 17:32,Victoria Station,Covent Garden,10.6,56.24,2,Passenger_402,4,Very punctual and professional,Completed,23/03/2025 00:00
fa30bca8-e81b-469e-8185-5956e804e351,21/03/2025 12:59,21/03/2025 13:47,Tower Bridge,Southbank,16.8,78.62,2,Passenger_357,1,Had an issue during the trip,Completed,23/03/2025 00:00
9230db02-393f-4cd1-a031-36c6f1226633,22/03/2025 22:47,22/03/2025 23:40,Soho,Hyde Park,39.3,142.23,8,Passenger_250,4,Friendly driver,Completed,23/03/2025 00:00
28f87b50-1234-4021-bb0b-178370120328,25/03/2025 02:13,25/03/2025 03:07,Soho,St Pancras Station,8,31.28,4,Passenger_283,1,Arrived late,Completed,23/03/2025 00:00
cf6d43b1-0f20-480c-ade5-b8cd14d006c4,26/03/2025 08:37,26/03/2025 09:00,London Bridge,St Pancras Station,8.8,26.05,8,RegalMover,5,Highly recommended!,Completed,23/03/2025 00:00
c1da5313-9d50-4063-8f2b-1c5a6d75c29f,23/03/2025 02:35,23/03/2025 02:49,Tower Bridge,Canary Wharf,41.1,185.29,3,Passenger_282,4,Would use again,In Progress,23/03/2025 00:00
c193dc3f-9d60-4473-8aa5-e9e865bfeb1f,23/03/2025 09:27,23/03/2025 10:07,King's Cross,Greenwich,41.6,191.79,3,Passenger_462,4,Friendly driver,Completed,23/03/2025 00:00
31e8636b-9720-459c-8e87-b9f5f2830b1f,21/03/2025 00:55,21/03/2025 01:40,Trafalgar Square,Buckingham Palace,42.9,120.67,1,Passenger_414,5,Highly recommended!,Completed,23/03/2025 00:00
3cb2cc8f-36c0-4b78-8a57-dd7b25f66646,24/03/2025 01:45,24/03/2025 02:34,Camden Market,Canary Wharf,2.2,6.15,6,TheExplorer,4,Very punctual and professional,Completed,23/03/2025 00:00
50ea67f3-5b70-4308-89aa-b1e9ae410723,23/03/2025 20:19,23/03/2025 21:08,Tower Bridge,Southbank,16.2,56.01,6,Passenger_281,3,Arrived late,Completed,23/03/2025 00:00
fa7366dc-add8-4f84-b394-08ca75a283de,22/03/2025 22:15,22/03/2025 22:58,King's Cross,Greenwich,43.9,134.43,2,Passenger_387,2,Great ride!,In Progress,23/03/2025 00:00
f30419c7-e20c-4581-afc3-f15ac1507a91,23/03/2025 22:24,23/03/2025 23:06,Tower Bridge,Kensington,38.1,185.54,2,Passenger_348,4,Great ride!,In Progress,23/03/2025 00:00
22d3f97f-f939-4bab-9bd3-62dac2ec1651,23/03/2025 16:02,23/03/2025 16:56,Soho,Greenwich,30.9,94.29,8,Passenger_405,5,Highly recommended!,Completed,23/03/2025 00:00
d1228047-4baa-4133-85e2-349c6a36c1bd,20/03/2025 15:25,20/03/2025 16:11,Trafalgar Square,Wembley,21.3,46.01,6,Passenger_475,4,Friendly driver,Completed,23/03/2025 00:00
0599d66c-9b4b-47d9-b53f-b63d76e924ba,23/03/2025 05:27,23/03/2025 05:52,Liverpool Street,Wembley,7.5,21.77,6,Passenger_420,3,Had an issue during the trip,Completed,23/03/2025 00:00
395c0d0d-4caa-467d-835f-c6e149318d26,22/03/2025 07:45,22/03/2025 08:18,Heathrow Airport,Southbank,46.7,168.84,4,Passenger_248,4,Would use again,In Progress,23/03/2025 00:00
841dc7d5-93f7-4523-a3c6-6dd735f8f4c5,26/03/2025 22:22,26/03/2025 22:52,Trafalgar Square,Hyde Park,42.1,202.74,2,Passenger_241,1,Had an issue during the trip,Completed,23/03/2025 00:00
62b0b115-3d07-45f9-a00d-169a735c5901,20/03/2025 07:48,20/03/2025 08:15,Oxford Street,Covent Garden,26.7,105.28,1,Passenger_364,4,Clean vehicle,Completed,23/03/2025 00:00
5efa7b30-7281-4ca5-81d1-97f6d9acb291,26/03/2025 15:41,26/03/2025 16:28,Soho,Hyde Park,44.4,134.18,4,Passenger_367,5,Friendly driver,Completed,23/03/2025 00:00
e5794ed1-8f39-4bbd-a99d-de3f24d7c251,20/03/2025 07:38,20/03/2025 08:03,Soho,Greenwich,24,59.21,8,FastLane,4,Friendly driver,Completed,23/03/2025 00:00
bebaa3c0-02ce-4b59-8fb9-b0159643b11e,20/03/2025 23:17,21/03/2025 00:10,Victoria Station,Hyde Park,29.7,90.67,8,Passenger_252,1,Clean vehicle,Completed,23/03/2025 00:00
315b6629-99c4-4fd5-9d4a-860b32e20643,23/03/2025 05:52,23/03/2025 06:32,Liverpool Street,Covent Garden,1,4.73,3,Passenger_279,3,Arrived late,Completed,23/03/2025 00:00
32784bbf-5675-4b04-b29d-d196a6faca52,22/03/2025 22:13,22/03/2025 22:30,Trafalgar Square,St Pancras Station,0.6,2.68,4,Passenger_288,4,Friendly driver,In Progress,23/03/2025 00:00
66a580b8-3bf3-403e-829b-624f9302be42,23/03/2025 22:17,23/03/2025 23:14,Victoria Station,Wembley,33.9,74.37,5,SkylineSeeker,5,Highly recommended!,Completed,23/03/2025 00:00
e21f3ad9-d27a-485f-a880-aeb8974b8c9b,20/03/2025 03:41,20/03/2025 04:29,Liverpool Street,Piccadilly Circus,21.1,104.94,1,Passenger_492,5,Highly recommended!,Completed,23/03/2025 00:00
cea2d450-e009-4abb-bfc0-7c337ef2f745,20/03/2025 13:00,20/03/2025 13:41,Camden Market,Buckingham Palace,24.9,131.46,8,Passenger_234,5,Highly recommended!,Completed,23/03/2025 00:00
