Ride ID,Vehicle Type,Vehicle Reg Number,Vehicle Model,Fuel Type,Year of Manufacture,Current Mileage (mi),Last History Date
b6ad5ed1-909e-4532-b934-5c1795977673,Van,CA11 605,Ford Focus,Hybrid,2005,47896,2025-03-23
403b764e-eabb-40b2-be7f-ead3735603c1,SUV,CZ67 132,Nissan Leaf,Diesel,2023,211940,2025-03-23
73b50df7-4595-4239-ab46-3198da360468,SUV,JQ85 410,Volkswagen Golf,Hybrid,2003,76847,2025-03-23
bacd044c-b7b4-43fe-b2c0-745c34afbc30,SUV,GG16 563,Mercedes E-Class,Diesel,2009,194210,2025-03-23
786d5a2d-7520-4588-a34e-d0c52c241106,Minivan,EP46 686,Audi A4,Diesel,2023,218702,2025-03-23
ced20960-4afa-418b-bd09-a4493a2af987,Van,DN47 991,Volkswagen Golf,Diesel,2021,123946,2025-03-23
4fe62b67-53e8-4b20-aff3-d5eb3b2696fd,Hatchback,VD71 265,Ford Focus,Hybrid,2021,172411,2025-03-23
f9da7cc8-8ef6-43db-93c0-488334ef752e,SUV,JY26 422,Toyota Prius,Diesel,2004,150636,2025-03-23
6ecf4d45-4640-451c-bf57-f7c090f8a155,Saloon,HR59 184,Mercedes E-Class,Hybrid,2010,201514,2025-03-23
ec49910d-f6c1-46d7-a78a-9c9cc7bd4e7e,Hatchback,TJ83 538,Nissan Leaf,Hybrid,2009,42718,2025-03-23
844154c0-b937-4ae0-ae14-566e2cc7d797,Hatchback,YR82 643,Tesla Model 3,Hybrid,2015,8109,2025-03-23
7ee67e8c-3daa-485b-9cbb-b0f3a8b131e9,SUV,BY98 744,Toyota Prius,Hydrogen,2001,75303,2025-03-23
4a4518d2-12c9-45f1-ad89-003e0ffda0e0,SUV,CW19 365,Tesla Model 3,Hydrogen,2003,151493,2025-03-23
c9edb4e7-42b0-4193-89e0-b985b0ebce0c,SUV,CY47 544,Ford Focus,Petrol,2014,287153,2025-03-23
1d65cade-cc15-4be7-ab0b-877000fe0416,Electric,NB21 538,Tesla Model 3,Diesel,2018,105169,2025-03-23
185b1daf-cbdf-41bf-827e-3079ad7125a5,Saloon,QS49 414,Nissan Leaf,Electric,2004,283389,2025-03-23
31334660-1e3d-4442-9e26-9cb382b83168,SUV,OC59 227,Audi A4,Diesel,2020,256841,2025-03-23
6cc5dd9e-2a55-46a8-8d78-633aa8a2b6b4,Van,JV11 636,Kia Sportage,Diesel,2000,189632,2025-03-23
ab7ee810-f648-49b9-85c0-136ccc21bdbd,Van,VH56 416,Toyota Prius,Diesel,2003,260220,2025-03-23
2246529b-778b-470b-a748-c499a195bd18,SUV,OX25 334,Tesla Model 3,Petrol,2007,184717,2025-03-23
7d97e751-9ac1-4550-96a1-44be9810959c,SUV,XK55 850,Mercedes E-Class,Hydrogen,2000,178689,2025-03-23
fe129df7-be24-4bbe-9039-a6cd1228f9dd,Electric,PY48 719,Range Rover Evoque,Diesel,2009,165874,2025-03-23
2a2dc0f1-ac9f-40bf-9fe4-821b68aabaf7,Convertible,HS77 667,Nissan Leaf,Petrol,2024,5512,2025-03-23
d5131472-3caf-456f-b689-7b9229fb0260,SUV,VV99 947,Kia Sportage,Electric,2024,75738,2025-03-23
147832ed-6305-4c89-8f65-ad60910a30b7,Taxi,GP85 697,Range Rover Evoque,Diesel,2010,124141,2025-03-23
75141a09-0bca-4a46-8202-2683b35b04c8,Convertible,WZ10 872,Kia Sportage,Petrol,2015,286449,2025-03-23
327f6691-6d65-408a-98a5-061fdcb7da29,Saloon,HM29 488,Nissan Leaf,Hydrogen,2015,258487,2025-03-23
691b57ae-1748-42df-978d-e1f9283beb86,Van,HK56 921,Tesla Model 3,Hybrid,2004,39299,2025-03-23
b984eca3-50c1-4384-b6bd-33374af2dc23,Hatchback,DZ40 111,Range Rover Evoque,Hydrogen,2015,292315,2025-03-23
b988f77b-80c7-4775-89e7-45a2434570fe,SUV,JV43 747,Kia Sportage,Diesel,2006,125335,2025-03-23
c472ee59-65e6-4358-b4d0-6376b185b652,Convertible,UZ43 196,Kia Sportage,Hybrid,2003,290279,2025-03-23
0e6ef775-bbdd-45e7-85bf-9a9e6872d32d,Electric,TN74 612,Range Rover Evoque,Petrol,2005,20938,2025-03-23
677b80fd-4759-49ce-8496-cfd87a6d3d17,Minivan,VT36 663,Ford Focus,Petrol,2010,210788,2025-03-23
4ac770bb-b8c9-4854-b5a3-a7eca0b64921,Minivan,XN10 145,Volkswagen Golf,Electric,2019,242885,2025-03-23
0279a6c0-a604-4a85-9d53-a5688b29b2f4,Hatchback,KO61 557,Kia Sportage,Diesel,2003,197587,2025-03-23
a891149c-037c-4b7e-afa4-047d5b6e9e5b,Taxi,TT21 520,Mercedes E-Class,Petrol,2006,104213,2025-03-23
a1f0fe8d-445f-4846-b116-9c9ce5567b45,Van,AD23 936,Kia Sportage,Hydrogen,2018,50848,2025-03-23
d2a6929f-dca8-4447-b445-96ba38072800,Electric,YX96 603,Volkswagen Golf,Electric,2013,168572,2025-03-23
794bb718-f2b1-482f-8a54-4a499f0fe239,Taxi,MJ58 411,Mercedes E-Class,Petrol,2019,99446,2025-03-23
fbadc7fc-8858-4bf6-b8da-d6695674d7ce,Hatchback,TD66 745,Toyota Prius,Hydrogen,2024,178410,2025-03-23
025664d9-13b2-4f4f-8101-93ae514792a4,Minivan,MR71 623,Nissan Leaf,Electric,2014,210305,2025-03-23
b5a054cb-7917-4233-a415-70366a560ea1,SUV,SU86 984,Kia Sportage,Hydrogen,2021,26817,2025-03-23
692e01b0-6ae2-40dc-a425-39bcd6e441d1,Minivan,FK82 375,Tesla Model 3,Hydrogen,2016,66433,2025-03-23
eb8ec34a-3610-4633-a17c-ef440ea76614,Saloon,KE33 863,Nissan Leaf,Electric,2019,264634,2025-03-23
a606a9ed-d985-4475-9213-8fae4512d41a,Minivan,TU63 158,Volkswagen Golf,Hydrogen,2013,23544,2025-03-23
fca441cf-3923-4b9b-be00-9eeb0e912575,Taxi,PP33 186,BMW X5,Hybrid,2003,171551,2025-03-23
74b7dfd3-d80f-48b1-9ec0-9a9b529794ba,Minivan,OS37 280,Mercedes E-Class,Electric,2019,53442,2025-03-23
1fc1b245-7e51-4193-a259-f1dabf8e7c2a,SUV,XR69 632,Mercedes E-Class,Hybrid,2001,159475,2025-03-23
789c209f-210c-4dd9-8cb3-0174eb31abc3,Taxi,GV70 751,Nissan Leaf,Petrol,2021,146765,2025-03-23
6b2f9d6d-e274-4781-99fd-c96e8ccc33fa,Saloon,JT97 770,Tesla Model 3,Hybrid,2000,105005,2025-03-23
37dd3920-1cbc-4e49-b742-da7c8229509c,Electric,TF99 506,Mercedes E-Class,Hybrid,2022,89073,2025-03-23
1c8b89af-2fa7-4fa0-9da2-e98421aae467,Van,WQ53 950,Kia Sportage,Hydrogen,2012,40196,2025-03-23
46d2f39a-3337-4a1c-8464-d3b0495bfdfd,Electric,LL25 425,Kia Sportage,Diesel,2023,213375,2025-03-23
a3402217-2fb7-4f4b-93fd-3f7202aba536,SUV,FO21 379,Tesla Model 3,Electric,2006,116816,2025-03-23
8163538d-1350-4145-aa42-37efe4c438d2,Convertible,AU71 790,Kia Sportage,Petrol,2008,37861,2025-03-23
bb651dc3-3a21-4769-8df1-0d8e85b974c9,Saloon,HD81 428,Toyota Prius,Hybrid,2010,292411,2025-03-23
e9f5e1fa-d204-496e-9691-507677e7aaee,Electric,ZV21 298,Kia Sportage,Electric,2019,23724,2025-03-23
b4807880-c3b1-4ef0-8ac7-1e2092045847,Saloon,II84 200,BMW X5,Diesel,2015,191687,2025-03-23
93e3c21d-7684-49c3-8b5a-c7bc4f8e164e,Convertible,WL75 535,Range Rover Evoque,Hydrogen,2016,195398,2025-03-23
4e5036a6-d3ca-45b0-a773-e103543ea0a7,Electric,AJ66 349,BMW X5,Hydrogen,2004,238107,2025-03-23
30a8835e-f912-4fa9-83f9-2f0997c0eed6,Taxi,KP79 700,Ford Focus,Petrol,2008,88858,2025-03-23
6a645481-a0f9-403c-8dc6-98a1cb8b397d,Saloon,MN96 485,Mercedes E-Class,Diesel,2022,222965,2025-03-23
f4dee7a3-6615-4456-841d-8deec9bce6de,Taxi,PR77 736,Toyota Prius,Diesel,2000,132767,2025-03-23
9592e142-78c9-4b1c-961a-3a925c33d645,Hatchback,CD79 475,Ford Focus,Electric,2007,89894,2025-03-23
52c338e9-b1ac-4b24-a421-5b35ae250a4d,Taxi,JA68 113,Nissan Leaf,Diesel,2003,275295,2025-03-23
0e0b77eb-fd71-44bf-a64c-89dffc43c824,Saloon,VE14 341,Kia Sportage,Petrol,2012,167768,2025-03-23
c2d464c7-431f-473f-ae40-e636f717d31e,SUV,OA86 505,Range Rover Evoque,Hydrogen,2008,42942,2025-03-23
7a64923c-3138-4748-aac6-1eb1545ffcc1,Minivan,FK19 605,Volkswagen Golf,Electric,2024,20200,2025-03-23
d4c17da9-fcdc-4c83-94db-4d1c7b2e850b,Taxi,TA94 376,BMW X5,Petrol,2014,159305,2025-03-23
c37a4c02-499a-40bd-ba01-4648f7b20eab,SUV,LJ51 870,Volkswagen Golf,Diesel,2007,141294,2025-03-23
79419ead-f266-488d-91d2-e2f6b3f81b61,Van,KO22 915,Mercedes E-Class,Electric,2018,117699,2025-03-23
0fad305f-4d24-48a9-9d72-288a368140e1,SUV,IU72 327,Volkswagen Golf,Hydrogen,2008,199773,2025-03-23
c969e101-9afa-4b5a-9c71-121fa54cac3a,Saloon,EH99 802,Range Rover Evoque,Petrol,2004,84860,2025-03-23
aca56ad6-92c7-448b-84ed-359fa19a81dd,Convertible,VP35 445,BMW X5,Diesel,2009,16051,2025-03-23
f332dc38-af57-40e3-84e6-d7adfc273ebf,Hatchback,EZ94 968,Mercedes E-Class,Hybrid,2013,146952,2025-03-23
ffafbf00-212f-406c-83a8-90e04af5e6c9,Convertible,UV38 952,Range Rover Evoque,Petrol,2013,110050,2025-03-23
39a154f6-ff3f-4aad-911e-e0ec239dd129,Taxi,XO58 934,Nissan Leaf,Petrol,2021,169796,2025-03-23
0b3b6dca-dc58-45fd-bce3-4cb68266266f,Convertible,LW72 252,Mercedes E-Class,Diesel,2007,126623,2025-03-23
c93e6332-8268-4f97-8a46-e4b090b16f76,Hatchback,BF26 287,Ford Focus,Hydrogen,2000,48626,2025-03-23
ba6a897c-826a-4849-90fc-cf63f7c697c9,SUV,QQ75 276,Volkswagen Golf,Electric,2007,204508,2025-03-23
f74ec11a-9d7b-48d9-86de-31287e4190a9,Electric,FO65 997,Tesla Model 3,Hybrid,2008,278083,2025-03-23
20c6c843-4b67-4844-b3e6-7799c44f10c8,SUV,OV53 194,Nissan Leaf,Petrol,2006,56368,2025-03-23
4af5c697-d2b9-4f03-9b4b-46bbd4928033,Taxi,IK63 757,Nissan Leaf,Hydrogen,2022,239754,2025-03-23
1c4c93ef-3fa0-4144-b512-d26f82f13e30,Taxi,NZ34 842,Range Rover Evoque,Petrol,2011,72428,2025-03-23
a0f936eb-f331-4620-97ac-2201a07462a8,Taxi,TT56 631,Nissan Leaf,Diesel,2005,233292,2025-03-23
8b0a3226-da16-4d5e-bb8e-895f1c02d5bc,Electric,LQ69 499,Range Rover Evoque,Hybrid,2016,222215,2025-03-23
c05ceaab-a542-45e1-8231-0e74d4ad1a83,Convertible,KE91 491,Kia Sportage,Hydrogen,2020,289910,2025-03-23
71f9bfa8-53d1-4f2f-8446-99566a548f36,Taxi,IK80 936,Mercedes E-Class,Electric,2014,234860,2025-03-23
d39888ee-8d89-44bc-bac8-33dd57e009f8,Electric,JC19 751,Ford Focus,Hybrid,2013,194884,2025-03-23
0ecdf83c-17fb-4e3c-9bc7-9c8d996e282d,Electric,PQ93 336,Toyota Prius,Hydrogen,2005,96295,2025-03-23
3f1596a7-abba-4b07-820b-e9d5999ba66d,Hatchback,HU13 726,Ford Focus,Diesel,2018,126827,2025-03-23
fcb46a77-3a86-4c5e-b1c4-aea9ab69d61e,Van,NF45 806,Mercedes E-Class,Diesel,2013,182092,2025-03-23
cc075925-60d3-4a56-8ad3-242ace4f70df,Van,AA52 592,Mercedes E-Class,Hydrogen,2016,27421,2025-03-23
f2a6f9fa-cf22-406e-bab1-3140bb93bfb5,Van,JS49 747,BMW X5,Petrol,2017,18466,2025-03-23
b592b272-444c-4b36-82bd-811a6cf931db,SUV,IQ14 228,Audi A4,Diesel,2014,143118,2025-03-23
27e25eaf-6278-4655-a99d-d654ec1dace0,SUV,NA91 933,Toyota Prius,Petrol,2008,259458,2025-03-23
d772f3eb-f0d3-48aa-9fd7-1b6b002b09e1,Hatchback,ZO59 910,Kia Sportage,Petrol,2020,51003,2025-03-23
d4219c54-1c15-485e-9f81-8de4a52590f6,Electric,SU62 934,BMW X5,Hybrid,2010,262987,2025-03-23
2d3dd426-5f13-438e-957b-ca59a778391a,SUV,TE66 174,Mercedes E-Class,Electric,2022,267322,2025-03-23
efeb19b5-496d-4987-b6ae-419ea96ce19a,Minivan,MG26 624,Kia Sportage,Hybrid,2004,34379,2025-03-23
dcd8ff17-d96c-4077-aa69-fb22bf6d5d29,Convertible,NB18 367,Toyota Prius,Petrol,2007,10472,2025-03-23
a3659cfe-41c2-43b2-8514-0a3cf951d670,Convertible,MS33 112,Toyota Prius,Petrol,2015,215105,2025-03-23
6d8f6d07-0d6d-44df-893a-55e99073edbe,Electric,SP12 312,Nissan Leaf,Petrol,2019,2288,2025-03-23
80474a9b-d904-4bd2-b352-ad508c623db5,Taxi,WS81 642,Volkswagen Golf,Electric,2011,268153,2025-03-23
9e9f125b-91a8-4011-b42a-7a34312c93ed,Van,WI10 705,Mercedes E-Class,Diesel,2013,128621,2025-03-23
973e9677-6999-413d-b6f7-70e55bf5188e,SUV,FQ27 917,Tesla Model 3,Hydrogen,2007,70366,2025-03-23
7a6aca11-77e7-4f05-bc2b-ebbd02f10404,Hatchback,JJ90 198,BMW X5,Hydrogen,2017,120672,2025-03-23
bb105959-94c6-480e-b29c-b3b30cd29fe0,Electric,ZL50 894,Nissan Leaf,Petrol,2008,60905,2025-03-23
835f32c5-1122-42f3-8bca-79a678f4868d,Hatchback,WB38 454,BMW X5,Hydrogen,2003,68349,2025-03-23
27b15adc-8d65-4094-90a1-fe724fac1b39,Minivan,QJ46 167,Kia Sportage,Hybrid,2019,252204,2025-03-23
f51be684-6946-43b1-93ef-ab71d3ace943,Saloon,HA48 605,Toyota Prius,Diesel,2005,170251,2025-03-23
2df68882-38de-4f44-ae2e-49aef0b17971,SUV,JU91 314,Toyota Prius,Diesel,2014,77404,2025-03-23
8a721680-bfd7-4892-9349-724611225823,Saloon,KX52 726,Mercedes E-Class,Petrol,2004,18900,2025-03-23
cbc8ce90-4bc6-4542-9302-9e51d9461e6a,Convertible,LV12 596,Range Rover Evoque,Electric,2009,5180,2025-03-23
7c3397ab-e364-4459-9bc5-14e90da765d4,Van,SC15 356,Ford Focus,Electric,2008,293001,2025-03-23
abd935a7-423b-41fa-b21d-727b7e3ee04e,Saloon,SR14 938,Nissan Leaf,Electric,2011,135015,2025-03-23
71aca987-742f-43f9-b0b6-9906c4ffe4f8,Van,RS49 315,Range Rover Evoque,Diesel,2020,216434,2025-03-23
a61810dd-8393-4228-b8a1-3cde63cf5fa5,Saloon,YJ63 178,BMW X5,Electric,2008,250326,2025-03-23
5bc1acff-d637-4f3b-9143-c9536faa9ee6,Electric,KT24 741,Volkswagen Golf,Hybrid,2020,184205,2025-03-23
e5f79b8f-be4c-4f79-90a5-a6ab1871a9cc,SUV,HP34 969,Range Rover Evoque,Petrol,2007,282983,2025-03-23
0a4b83cf-6187-43c2-a458-1cdb326e5dd1,Convertible,BN13 950,Audi A4,Diesel,2017,45494,2025-03-23
dd48eda2-e4f3-43a7-aa66-5babc6fa02ec,Convertible,ZN87 314,Audi A4,Petrol,2013,184887,2025-03-23
0a214b34-d1a9-4a8b-9511-a0d8694bcae7,Saloon,DJ21 891,BMW X5,Hydrogen,2024,257774,2025-03-23
cf344030-52b0-49cf-8163-694290b129d8,Hatchback,OU63 376,Audi A4,Electric,2000,247758,2025-03-23
df0b512a-0e48-4439-a448-22e48a369039,SUV,ZN59 864,Ford Focus,Diesel,2002,206620,2025-03-23
e168b0d4-a620-459c-a634-d0582b6f994a,Saloon,PE76 715,Volkswagen Golf,Diesel,2001,115084,2025-03-23
1fa548fd-1b72-432a-a6c9-0d1de68b7401,Minivan,LH41 533,Kia Sportage,Petrol,2009,151416,2025-03-23
e71eb74f-3322-4b02-8018-02791d085212,Hatchback,ZB53 269,Toyota Prius,Electric,2021,262190,2025-03-23
4066a46e-bb1b-438c-8ae8-174e348d7f32,Electric,WR83 103,Kia Sportage,Hydrogen,2009,294987,2025-03-23
2b1446aa-04e0-48b9-a411-8d6cd2a6d4a3,Convertible,SO72 831,Tesla Model 3,Hybrid,2009,238389,2025-03-23
34ec4d9d-d00e-4700-909d-f449094dd97c,Hatchback,HO36 927,Tesla Model 3,Electric,2018,189818,2025-03-23
582f1bd2-5b70-4a22-a57f-f5b1df8ef595,Electric,AE28 873,Volkswagen Golf,Electric,2006,19419,2025-03-23
fe4fd1de-92d6-4ad1-849c-be4de5863354,Taxi,WL13 656,BMW X5,Hydrogen,2015,277628,2025-03-23
739cf6cb-1d4e-46dc-9483-fa41048497c0,Taxi,KO85 571,Volkswagen Golf,Hybrid,2008,260418,2025-03-23
4d452423-0d07-4307-a5ec-8c9d19236edd,SUV,QX27 759,BMW X5,Electric,2004,292256,2025-03-23
f4d261cd-884a-45e7-8334-99889e6c356c,Convertible,NU88 210,BMW X5,Diesel,2012,265996,2025-03-23
409c7b79-c810-46cc-a530-47819ff49435,Minivan,EZ82 525,Kia Sportage,Petrol,2015,169507,2025-03-23
32de40be-7742-4d51-8a68-3c4cc8da9d24,SUV,WF53 125,BMW X5,Electric,2012,3336,2025-03-23
51f06131-02f8-4c11-b810-6c304fbdf866,Minivan,CD48 358,Tesla Model 3,Electric,2013,139523,2025-03-23
9fcaae27-fefa-4654-a9be-565e4f857d2a,Van,JS66 534,Volkswagen Golf,Electric,2022,2923,2025-03-23
51201e51-7b56-4f27-a83d-d0292982a82f,Convertible,DV75 562,Ford Focus,Electric,2002,64719,2025-03-23
0b64ff5f-04e6-4e20-bb0a-60c8633ff217,SUV,GM36 312,Kia Sportage,Petrol,2013,125861,2025-03-23
1ef3780c-8707-4d38-b1d1-6fac87264099,Hatchback,TV51 140,Ford Focus,Electric,2018,275868,2025-03-23
3ebc5f68-c0ce-4d50-bd23-3cccc0c2731e,Hatchback,BZ29 517,Volkswagen Golf,Petrol,2010,263697,2025-03-23
fce90bda-f39d-4f22-819c-7445afa3e66a,Van,TG42 443,Volkswagen Golf,Hybrid,2016,105039,2025-03-23
a802aa03-80d9-4eda-a98d-3962b7b393d0,SUV,NV76 120,Nissan Leaf,Diesel,2024,203531,2025-03-23
5b87f602-a5a1-420a-bfe7-c57d5e4d81a4,SUV,FA81 255,Tesla Model 3,Electric,2014,129027,2025-03-23
e1ffcdc4-a6f1-423b-ab3e-d02b1ddce2ae,Hatchback,ZB34 466,Kia Sportage,Petrol,2015,187462,2025-03-23
d98e5234-be7f-42c6-95f1-4499192f7196,Hatchback,JI40 278,Kia Sportage,Hydrogen,2016,159427,2025-03-23
dd9e075c-a402-4d7f-bb84-003dd1984f52,Saloon,CR81 995,Nissan Leaf,Hydrogen,2005,2955,2025-03-23
6648e05e-9677-404d-acee-f4b7488c20de,Minivan,DU18 345,Volkswagen Golf,Electric,2016,250821,2025-03-23
0bcc35b2-d2e2-49e6-be37-5624e74ebba7,Electric,BP25 868,Mercedes E-Class,Petrol,2024,259274,2025-03-23
d114f041-9371-4468-b412-aa9ec0132c11,Saloon,RT40 723,Toyota Prius,Hybrid,2019,54887,2025-03-23
779f7503-2d50-4e35-a7cb-f2d7e07cef85,Hatchback,JW65 438,Ford Focus,Petrol,2014,144083,2025-03-23
135206f1-8876-4bd5-9aa0-2b68fb6ec169,Saloon,AO62 202,Ford Focus,Electric,2008,151740,2025-03-23
08aca294-e83b-4ab0-932f-731ce32043e0,Convertible,LR68 253,Nissan Leaf,Hybrid,2014,98333,2025-03-23
7b439e8f-3a7a-4d5b-afbe-6f75709b9d47,Convertible,VR17 684,Tesla Model 3,Electric,2018,232863,2025-03-23
b0e473f8-5a0b-49e3-90ff-60dbf4d788e3,Hatchback,JS16 764,Kia Sportage,Electric,2001,49777,2025-03-23
a165eea0-edf9-4e30-b181-2d145221bfc3,Van,NA28 316,Mercedes E-Class,Diesel,2017,265823,2025-03-23
30e37a12-c9a2-4c05-87b3-29f0e66f4404,Van,YY17 280,Ford Focus,Hydrogen,2005,183983,2025-03-23
3cd89665-3801-4389-8b6b-fd01f8344cd7,SUV,HW12 358,Audi A4,Hybrid,2011,63254,2025-03-23
959ca831-91e6-410e-b202-ccbc31fc809f,Van,TX78 868,Mercedes E-Class,Petrol,2014,102768,2025-03-23
d30f8456-b141-41c2-82b0-84ee589fc271,Hatchback,HD77 666,Mercedes E-Class,Hydrogen,2014,95517,2025-03-23
c820cff3-7a97-4263-a58d-0942a6cb5462,SUV,ET86 759,Audi A4,Hydrogen,2001,204472,2025-03-23
d883c97d-eacb-46dd-9b4c-e8e7956b3bc8,Van,KH97 296,Range Rover Evoque,Electric,2019,236075,2025-03-23
a4f2289f-757e-480b-a1ce-d08b03215ddd,Van,IW90 264,Tesla Model 3,Diesel,2018,73573,2025-03-23
537355ee-f5fd-49f1-ae54-f9f1c3acdf06,Saloon,UO17 548,Mercedes E-Class,Diesel,2005,102755,2025-03-23
11b8e7dc-06bf-45b0-8478-04ea0739356a,Saloon,PW10 953,Range Rover Evoque,Hydrogen,2021,190651,2025-03-23
5da11341-5f03-497a-80ba-2dedab75ac4f,Hatchback,IK64 491,Range Rover Evoque,Petrol,2019,112384,2025-03-23
541659ef-48d4-4154-8cde-7fdd1664a622,Taxi,PU29 278,Audi A4,Petrol,2003,199801,2025-03-23
54368d91-450f-4d1f-bd3f-9f7a2dd43f2e,Electric,ZF27 817,BMW X5,Hybrid,2007,202203,2025-03-23
161efda3-e1f6-4e6b-abc7-77fda714a0ba,Saloon,BC87 915,Ford Focus,Hydrogen,2017,41174,2025-03-23
dd1ab738-affa-470d-bf45-5948a4f0d712,Convertible,HO58 752,BMW X5,Diesel,2013,283089,2025-03-23
5f714fab-0b49-4df7-9910-e8f500abd3f7,Saloon,CC64 786,Toyota Prius,Diesel,2015,273413,2025-03-23
8f6a1326-5155-4d2d-bf6f-7b5fba70f266,SUV,AH81 333,Kia Sportage,Petrol,2020,196726,2025-03-23
5742a827-56a4-4895-94e4-dc5f913f23d6,Electric,JJ44 446,Kia Sportage,Hydrogen,2000,10220,2025-03-23
dd8fc00a-3335-458c-b15a-f2ffd659a309,Taxi,FQ26 661,Tesla Model 3,Hybrid,2007,1782,2025-03-23
85460a72-ac73-4e71-9479-6de40c3c5980,Convertible,HH19 426,Audi A4,Diesel,2010,287642,2025-03-23
b165ed8c-2087-4938-9d0c-ce341c330cf9,Minivan,FE43 806,Mercedes E-Class,Hydrogen,2005,211349,2025-03-23
39f2631c-d4cb-46a4-876a-d719d15b5e7a,Taxi,CN11 702,Tesla Model 3,Electric,2019,130146,2025-03-23
2af1d724-7e47-4647-bcb9-1c49f29a8bce,Hatchback,UA99 778,Mercedes E-Class,Electric,2004,265995,2025-03-23
15193580-250f-4cea-ad51-415952ed6c1e,SUV,XA19 481,Volkswagen Golf,Hybrid,2014,50456,2025-03-23
7703e3d2-952c-4b92-bb90-45836caf8630,Taxi,UH94 459,BMW X5,Electric,2008,187071,2025-03-23
cf8b480c-863a-4f13-8099-c35ce7d9c0a8,Saloon,RI34 494,Kia Sportage,Hydrogen,2024,56554,2025-03-23
c237cbb7-7c99-458f-87cc-b31185f2d8ee,Saloon,TS35 400,Range Rover Evoque,Hydrogen,2010,262232,2025-03-23
281fbf9a-c446-4002-8d97-f44ba29e8471,Convertible,KW67 464,Nissan Leaf,Petrol,2023,114422,2025-03-23
ca916b97-b902-49f4-beac-45e8c85d0276,Hatchback,ZK65 278,Range Rover Evoque,Diesel,2004,227171,2025-03-23
dcd001de-9f38-4584-8389-ccf943b5dbb9,Van,ZW49 411,Kia Sportage,Diesel,2012,216216,2025-03-23
776178f9-36c1-4c23-ac84-e19d03b9c626,Saloon,LW91 164,Audi A4,Diesel,2012,12893,2025-03-23
1cbc62c0-d4bc-49a0-b47e-16bc2691b49b,Electric,LP66 799,Volkswagen Golf,Petrol,2001,98660,2025-03-23
21510b73-3df5-4f10-9b6e-9fd5abf16d6a,Taxi,SX85 281,Tesla Model 3,Petrol,2014,19404,2025-03-23
a94d82dd-9ad0-4609-956a-b5b3a22bb19b,Saloon,RP14 589,Nissan Leaf,Petrol,2007,269234,2025-03-23
932d645e-82c8-4aea-932d-f33e5ca4d89b,Minivan,JX95 777,Range Rover Evoque,Electric,2009,168206,2025-03-23
92eab6ed-2cfa-4e11-a92f-e7a11ca23853,Saloon,LU85 149,Volkswagen Golf,Hybrid,2005,238032,2025-03-23
4627f188-536d-438d-928e-f49fc15b68ee,Van,DU90 133,Volkswagen Golf,Hydrogen,2019,59521,2025-03-23
683dc363-535a-447f-9aa0-cd46a7baf6e2,Convertible,SK27 111,Mercedes E-Class,Petrol,2014,52267,2025-03-23
787f205d-8ae7-496d-b531-3924bbb080c9,SUV,PL20 656,Range Rover Evoque,Electric,2024,214065,2025-03-23
2b25f899-1612-4f51-8622-8a928f2e9d5e,Electric,OV39 597,Volkswagen Golf,Hydrogen,2018,229776,2025-03-23
8e952c62-62e6-41cf-be40-428233e20d10,Van,IL28 957,Nissan Leaf,Diesel,2019,104284,2025-03-23
bd4dd91e-c4da-4cba-97a3-c42630a52809,Hatchback,LJ76 930,Ford Focus,Hydrogen,2018,233667,2025-03-23
71d9e060-45ae-44ab-bcaf-0bb766e0f0fa,Hatchback,HP92 526,BMW X5,Diesel,2016,50303,2025-03-23
73fd30e1-c21f-4f45-86f9-3160f8c034d1,Minivan,IU33 741,Range Rover Evoque,Diesel,2006,11204,2025-03-23
21be6df3-5ed5-4164-a74f-923ee81dddd3,Taxi,GC88 357,Mercedes E-Class,Electric,2011,68486,2025-03-23
d5526d76-0a71-4b49-ac8d-c0feb284fa69,Convertible,FW55 967,Volkswagen Golf,Diesel,2018,152223,2025-03-23
8d85d517-f09e-44e1-a599-e5d9908c736b,Convertible,TV22 875,Ford Focus,Hybrid,2019,156650,2025-03-23
83d57e13-a434-4144-8cc4-0ef69a110775,SUV,LX63 580,Audi A4,Hybrid,2016,4585,2025-03-23
8313033e-a59e-4725-b9d9-987748390da2,Minivan,NB35 276,Tesla Model 3,Petrol,2019,245733,2025-03-23
644cb1b9-ebf2-4577-99dc-0146e822a2e5,SUV,AR88 953,Nissan Leaf,Hydrogen,2021,15115,2025-03-23
0370e34c-7c6d-4a3e-bed3-0ee1ec64ae4e,SUV,YZ19 716,Ford Focus,Petrol,2010,250683,2025-03-23
aa729649-5aa5-4c45-94ca-6e14cc55e879,Convertible,HL82 367,Kia Sportage,Diesel,2018,143426,2025-03-23
fbc18545-15eb-4952-b434-284a3c70dd35,Electric,GC40 929,Nissan Leaf,Petrol,2016,208304,2025-03-23
70f2a757-0bbd-4f64-ab70-fa7be25c5f76,Hatchback,JD30 131,BMW X5,Petrol,2006,298022,2025-03-23
609751ca-e56f-48c5-8dba-c2122469564c,SUV,VY53 323,Kia Sportage,Petrol,2004,46278,2025-03-23
ba934817-f748-4819-997e-4537090f60d4,Taxi,FX32 354,Volkswagen Golf,Hybrid,2019,56144,2025-03-23
f0866375-be22-48fa-992c-689d2fcaeb70,Saloon,SU20 223,Nissan Leaf,Hybrid,2019,189817,2025-03-23
bb5ece3e-ae10-4703-84b4-8be74b5102e3,Convertible,WF63 757,Tesla Model 3,Hydrogen,2017,202487,2025-03-23
cab20120-c5b1-4cff-80ba-86a4e6737f47,Minivan,HH96 150,Toyota Prius,Hybrid,2020,164464,2025-03-23
9a069557-4926-4a93-aa16-e025a05b3e86,Minivan,AD37 713,Mercedes E-Class,Hydrogen,2013,225808,2025-03-23
11c1e4cb-8338-43b8-b997-857c71897692,Saloon,OK96 159,Tesla Model 3,Petrol,2014,27576,2025-03-23
8b9bb070-8320-476f-8df8-f5512bd27a62,Minivan,RT20 844,Audi A4,Hybrid,2007,198650,2025-03-23
3b14214e-a895-4738-8e91-e5a2b46a924c,Electric,RN87 913,Audi A4,Petrol,2015,289997,2025-03-23
f5157446-b6e7-494d-b3bb-813e3b78e522,Convertible,YX45 370,Kia Sportage,Diesel,2006,202193,2025-03-23
962db188-97ad-4001-941a-b71a2f438a13,SUV,AM35 910,Tesla Model 3,Hydrogen,2004,197959,2025-03-23
d3fe3528-0023-4e77-b78a-81236b434ac9,Van,EI15 348,Tesla Model 3,Electric,2010,21324,2025-03-23
f6d04c44-8ca0-4b65-8fdb-c0dfcbd16b67,Van,HE69 961,Nissan Leaf,Electric,2003,43848,2025-03-23
dbf28a4a-d3bd-488c-9932-23e5802572a2,Convertible,QF55 927,Audi A4,Diesel,2009,262525,2025-03-23
66207418-f319-419e-b952-47c817b40281,Saloon,IU50 816,Volkswagen Golf,Hybrid,2001,133877,2025-03-23
7d26a152-58e7-4cfd-bcc6-20569495d61e,Saloon,SE26 170,Volkswagen Golf,Hydrogen,2010,190212,2025-03-23
9752e639-398a-47f2-b014-da284593758d,Saloon,VC42 968,Range Rover Evoque,Diesel,2009,93769,2025-03-23
eadb83c0-2a13-4010-bd6e-775154ae6b76,SUV,IO13 609,BMW X5,Hybrid,2021,217715,2025-03-23
20fa606f-bb91-4fcd-b2c3-c73dc7a178c8,Convertible,GD80 203,Volkswagen Golf,Hydrogen,2003,57921,2025-03-23
4aada269-5079-4c29-8243-3112201d3c7a,Minivan,TC53 456,Volkswagen Golf,Hydrogen,2010,245289,2025-03-23
f37ba6f5-c8a6-44b7-8e75-a9e32539a4ff,Convertible,WG98 322,Mercedes E-Class,Electric,2021,205327,2025-03-23
92a798d6-034e-4035-89f5-ac589c8d9b96,SUV,TC50 112,Tesla Model 3,Petrol,2012,2975,2025-03-23
a1567dd0-cd38-4d1e-905c-e0f0d9b7a968,Taxi,GX87 997,Nissan Leaf,Hydrogen,2016,275544,2025-03-23
3aece816-9a43-4cf1-a57b-1d7ff17a4f37,Minivan,UF39 931,Mercedes E-Class,Petrol,2000,293678,2025-03-23
87f04653-68d5-41ec-96ae-0a546a0f8e97,SUV,NY37 992,Volkswagen Golf,Hydrogen,2003,142482,2025-03-23
9fe42de4-e407-45f2-9348-1ad81e2220be,Van,TW23 904,Range Rover Evoque,Hybrid,2018,279398,2025-03-23
6f6e978a-db14-4142-9316-7a93df6f8bbd,Hatchback,EO25 460,Ford Focus,Hybrid,2015,191432,2025-03-23
9b2c3be4-fea3-4a0c-8952-7024630a0c03,Taxi,TO52 793,Mercedes E-Class,Hybrid,2000,119311,2025-03-23
4cbc8043-69cd-403a-bc78-8c283838bd10,Electric,WX17 310,Mercedes E-Class,Electric,2018,54776,2025-03-23
a7204fdd-1aec-4129-a11b-c7da213d8b4f,Convertible,KW69 982,Range Rover Evoque,Diesel,2011,10861,2025-03-23
266fe92d-6849-4187-a58f-996803b74e90,Van,HC81 805,Tesla Model 3,Diesel,2022,120783,2025-03-23
82ac16f0-680d-4a66-9d40-c37d28603b5e,Hatchback,GP45 629,Volkswagen Golf,Diesel,2002,79059,2025-03-23
091912b4-5859-47d7-b6bc-646a0cf2c6b4,Convertible,TY41 255,Range Rover Evoque,Petrol,2002,255923,2025-03-23
281165cd-b086-45b1-9e67-0f091d2116f3,SUV,RD80 120,Ford Focus,Diesel,2005,176509,2025-03-23
62ea3ac5-2076-4ac7-ae39-997ac7e34c09,Hatchback,ID54 879,BMW X5,Hydrogen,2011,202177,2025-03-23
d82bcd67-a3d7-4388-96fa-4beb07f976b0,Hatchback,KV83 460,Mercedes E-Class,Petrol,2020,209773,2025-03-23
8e6c5e6f-9afe-4744-b132-708f92e46e1f,Electric,JC25 702,Nissan Leaf,Diesel,2010,60061,2025-03-23
e051483a-071b-4422-91a7-b7f45c907899,SUV,AI64 153,Volkswagen Golf,Electric,2006,85793,2025-03-23
2766d729-7065-4eed-9013-f9cc1c1c9c4e,Van,BO18 487,Toyota Prius,Electric,2003,184576,2025-03-23
1b8752b8-ee5a-42c1-915b-1e8ebc606100,Van,UL53 645,Range Rover Evoque,Petrol,2013,198088,2025-03-23
93ca5df8-c787-4471-bff1-fc135e50845b,Hatchback,DH42 147,Mercedes E-Class,Diesel,2008,185355,2025-03-23
7eb51927-b008-406b-a918-cc5eb0f31f65,Saloon,EF25 938,Audi A4,Electric,2012,242986,2025-03-23
31787f0a-eb6d-4148-a04c-ae0038fbdd5c,Taxi,ZO33 456,Nissan Leaf,Diesel,2001,200301,2025-03-23
d286ce97-cf88-42f0-b5c6-7fa9e7bc2596,Taxi,WH25 657,Audi A4,Diesel,2024,107919,2025-03-23
7bfdd0ba-f351-439c-ac96-9d62a3226bd7,SUV,BJ61 217,Audi A4,Hydrogen,2004,237380,2025-03-23
53b7f822-97db-41d8-a6db-9afcb3bc6ea2,Minivan,IS97 247,Mercedes E-Class,Diesel,2019,197862,2025-03-23
0d4832c5-fe3c-4ce8-b47f-f4f6f1aee543,Saloon,QZ11 167,Kia Sportage,Hybrid,2017,186871,2025-03-23
8534f0e6-ad65-4d89-8504-59f95e264b30,Electric,VP37 147,Volkswagen Golf,Petrol,2007,295035,2025-03-23
41b023e9-e3d4-4c75-ac47-1105a57470a7,Hatchback,AY35 664,BMW X5,Petrol,2019,189484,2025-03-23
7562adab-486e-4484-90b2-80e7bb0f32c6,Van,NG36 912,Range Rover Evoque,Hydrogen,2013,149976,2025-03-23
fd792678-bbe4-4c2b-b821-1d21445279e8,Van,JT90 922,Ford Focus,Petrol,2011,20163,2025-03-23
90485598-2eff-4d98-b42d-43f8a5258280,Van,IU31 119,BMW X5,Diesel,2013,131516,2025-03-23
67011fd7-994f-4db3-a7d2-7557e3529a59,Saloon,GP16 979,Ford Focus,Electric,2000,115531,2025-03-23
ec9b69d1-718d-4564-be3c-0e28499f9512,Electric,LO73 695,Toyota Prius,Hybrid,2003,81845,2025-03-23
659bd804-dfb3-4b30-a86e-8827746e9887,Convertible,NR33 947,Mercedes E-Class,Hydrogen,2022,279042,2025-03-23
f4b0ae66-5788-40ce-9a62-a49bfb7bb113,Hatchback,IA98 516,Volkswagen Golf,Hybrid,2021,129303,2025-03-23
5a5785dc-e3d7-4367-9b2a-6bd1550763fc,Hatchback,YP62 569,Ford Focus,Petrol,2007,220331,2025-03-23
c915dec4-a224-4b2b-8b09-769ca57ae1ef,Saloon,FW71 639,Ford Focus,Hybrid,2001,211061,2025-03-23
aa2a1b09-868d-4b71-8ac5-544aa64a2a52,Minivan,ZP19 499,Mercedes E-Class,Electric,2018,110470,2025-03-23
8a0970a2-76eb-4204-b9ed-473abd148946,Convertible,UK17 810,BMW X5,Hydrogen,2010,286298,2025-03-23
0ee641a2-457c-43d8-8350-263cdc1a0a0d,SUV,BB70 878,Mercedes E-Class,Hybrid,2001,53396,2025-03-23
291174f4-67bc-4e82-8ba3-9770926f2626,Saloon,OX15 104,Nissan Leaf,Electric,2024,244325,2025-03-23
ae6b74e9-3b4d-48d5-93ed-faa4ec36864b,Saloon,SJ52 214,Audi A4,Electric,2006,193778,2025-03-23
2c3bf50d-4ef2-4099-aafb-d909dfc0d1ef,Hatchback,EU18 188,Audi A4,Electric,2022,287610,2025-03-23
4fdeaa92-1dcc-45c8-b1b3-15eac2f1fc0f,Hatchback,NS12 994,Volkswagen Golf,Hydrogen,2013,142551,2025-03-23
d36c5e31-af45-413f-ba5a-334830f58152,Hatchback,EL60 470,Audi A4,Petrol,2007,27181,2025-03-23
7efb2131-9eaf-47e3-95f6-9b6f2dbbb844,Hatchback,VF57 469,BMW X5,Diesel,2016,29694,2025-03-23
c592912f-4c43-4da4-b6f7-0760f5e70699,SUV,LG84 646,Tesla Model 3,Petrol,2017,203348,2025-03-23
4c5b4f62-cfac-4ea2-9a7b-9801037acd8c,Electric,ZY84 581,BMW X5,Hybrid,2001,85154,2025-03-23
ed45df83-08b1-42e7-91ec-ffb146fd2cc2,Saloon,JP64 878,Tesla Model 3,Petrol,2004,51846,2025-03-23
e03342b3-2f02-4cb4-ab4a-da16798d778f,SUV,WB89 694,Range Rover Evoque,Diesel,2008,289751,2025-03-23
a0e35fda-b76f-4fb8-8826-bff6babe8109,Convertible,LE14 964,Tesla Model 3,Hybrid,2022,251979,2025-03-23
3d59dd02-5465-41ad-8b79-8cf7f056856b,Convertible,MQ67 733,Volkswagen Golf,Hydrogen,2012,51868,2025-03-23
58bb14d2-d4f4-44b7-9c24-fbbf7e52ff50,Minivan,DH32 648,Tesla Model 3,Diesel,2019,7811,2025-03-23
551da613-d25e-4d76-8804-8cc7297142df,Electric,TA63 770,Ford Focus,Petrol,2002,134463,2025-03-23
ba239f4c-8da8-4f17-87d7-782bf6be3d83,Convertible,HI54 543,Kia Sportage,Electric,2012,76542,2025-03-23
a311051b-45e5-4d7f-a8f5-2e385a69b025,Van,FW26 200,Nissan Leaf,Electric,2000,41918,2025-03-23
965fc80f-9515-49a2-bc72-e50812ff72bd,Hatchback,SC30 940,Toyota Prius,Electric,2007,73236,2025-03-23
55ffcfeb-a62c-4170-bf15-e87f7347c186,Hatchback,QV27 298,Mercedes E-Class,Electric,2012,148219,2025-03-23
80932263-0543-476d-986c-88d116a9b64a,Hatchback,IO53 427,Tesla Model 3,Hybrid,2023,220780,2025-03-23
2209fab0-0520-48df-bac8-e5e5663e7a1b,Saloon,FR78 728,Ford Focus,Petrol,2009,242975,2025-03-23
0d23a0f9-55d3-4b0b-a3d5-f74851fa5bf4,Van,LG99 111,Volkswagen Golf,Hybrid,2009,255870,2025-03-23
5db2bbd0-6665-4db1-a7a5-f0105d8dc609,Convertible,EH92 181,Range Rover Evoque,Hydrogen,2018,78999,2025-03-23
19f4d600-b1e0-4f8e-885f-f038e57df726,Electric,LY15 334,Audi A4,Petrol,2008,104172,2025-03-23
12c20138-c1f0-42e9-b68d-f3bca422c54b,Hatchback,BC51 986,Tesla Model 3,Hydrogen,2015,75835,2025-03-23
2676b771-c03a-4735-afd8-fbb9b1ad6f95,Saloon,UZ10 779,Mercedes E-Class,Diesel,2004,240570,2025-03-23
c24fd8f8-6dc8-41a5-bc06-f640b727aa1a,Van,VO48 910,Volkswagen Golf,Diesel,2012,180869,2025-03-23
40ea9475-5a1c-4b17-9637-6267d46ea7af,Minivan,JU34 830,Tesla Model 3,Hydrogen,2010,272969,2025-03-23
b4905aa6-f5bb-4a3c-9529-eecc6cd74142,Electric,CJ46 905,Audi A4,Diesel,2007,147592,2025-03-23
88aa4481-b65f-4c7f-961d-a5425e702e54,Convertible,CI14 586,Volkswagen Golf,Hydrogen,2019,101550,2025-03-23
441697e5-20d7-4a7f-9207-2ff335de529d,Taxi,SP55 664,Toyota Prius,Hydrogen,2001,218595,2025-03-23
2e6bd2c1-cd5e-4df7-b6c9-6b1eb0fadf57,Taxi,HJ27 315,Ford Focus,Electric,2004,11913,2025-03-23
678e3e4a-975d-4036-9dfa-07036edbf76c,Taxi,QC20 877,Mercedes E-Class,Hybrid,2003,115028,2025-03-23
7c15d68f-8a6e-42ba-9299-54baea4a3951,Hatchback,ZB21 946,Audi A4,Hydrogen,2009,48281,2025-03-23
51f86306-e24a-472e-ac2b-b9122ec4b291,Minivan,GK41 903,Toyota Prius,Petrol,2024,108435,2025-03-23
514585eb-7624-4856-aa11-f51eab91b0ee,Van,XL49 981,Volkswagen Golf,Electric,2009,119483,2025-03-23
fa1b1d87-6dfa-45e1-a4e4-f1d45949d85e,Convertible,KL83 365,Toyota Prius,Electric,2021,242819,2025-03-23
9a9f8b49-38f9-4f97-b25c-efacea3eeaad,Convertible,GW47 870,Toyota Prius,Hydrogen,2003,7892,2025-03-23
b6b83c9f-a7e3-4a68-91eb-481edfa0b285,Taxi,MQ92 747,Audi A4,Hybrid,2021,27937,2025-03-23
76ca09b1-13e0-48cf-8fc2-da8ab2132232,Taxi,CI75 345,Range Rover Evoque,Hydrogen,2011,12817,2025-03-23
26cd4f55-77a6-412e-9b67-64f23ecaf852,Hatchback,NA40 212,Ford Focus,Diesel,2021,286907,2025-03-23
aca30b0b-2de4-457a-a899-18b3c142ad46,Saloon,QM88 911,Tesla Model 3,Electric,2016,142498,2025-03-23
0d715ea1-bfaa-4784-849b-27d65a4fa705,Saloon,OL32 362,Mercedes E-Class,Electric,2014,182274,2025-03-23
cc10bead-6e71-4b5e-b11c-1d714ea0efa0,Van,UJ50 790,Audi A4,Diesel,2013,105319,2025-03-23
e4be77db-55c2-414f-bc00-a4bc50f05a74,Convertible,HJ28 637,BMW X5,Diesel,2008,79151,2025-03-23
fed36e53-e1a6-4a30-b507-9ddbbe4143c7,Minivan,CX18 387,BMW X5,Hybrid,2014,34282,2025-03-23
72e12b61-57f8-499e-8888-ae88720cb37e,Convertible,SU53 739,Mercedes E-Class,Hydrogen,2002,210557,2025-03-23
f31fa9e2-a347-4a07-8fd4-ba8dca9f4fcb,Taxi,FU43 196,Kia Sportage,Electric,2018,195624,2025-03-23
39b4cbe3-548f-4ea7-aef2-bf0d99d11f4b,Hatchback,TQ94 190,BMW X5,Hybrid,2011,250608,2025-03-23
de97bd67-f9b6-40cc-bd46-cb4a8f82e20e,Saloon,OB34 155,BMW X5,Hybrid,2017,147058,2025-03-23
af1bfd93-c82b-441c-82cd-59c5818e85ba,Minivan,CZ33 557,Tesla Model 3,Hydrogen,2015,167871,2025-03-23
838687e4-5415-4406-baf1-27a48e0ecdbe,SUV,WA89 827,Mercedes E-Class,Diesel,2012,22737,2025-03-23
27762749-9df6-4df4-ba72-135e7c548aaf,Convertible,KC98 432,Tesla Model 3,Hydrogen,2021,181289,2025-03-23
e45a53ec-2d83-46a2-a4ae-c56afc2e4f7a,Taxi,WQ39 345,BMW X5,Diesel,2007,55362,2025-03-23
875037c6-b4e8-4163-adb1-9f4eb4b14038,Minivan,MB15 270,Range Rover Evoque,Diesel,2021,5316,2025-03-23
56d9e95c-5550-4fff-b9e9-6e85d521b583,Electric,BP24 448,Mercedes E-Class,Diesel,2014,249770,2025-03-23
2228be80-a2e2-4b7d-9dbe-7d07d43a5fd4,Saloon,HV61 883,Volkswagen Golf,Electric,2010,227570,2025-03-23
96d35aaa-b292-41a7-b05a-41c7cc53627b,Convertible,PN58 308,Toyota Prius,Diesel,2016,291940,2025-03-23
e93bbc4a-8537-4394-b9d2-dc17b488e737,SUV,OI33 892,Nissan Leaf,Hydrogen,2014,154269,2025-03-23
e8366d8a-48b8-4947-89f1-d1130706c042,SUV,SQ43 907,Mercedes E-Class,Diesel,2019,245771,2025-03-23
258799b3-3512-40dc-98aa-cfc271e7cb8a,Taxi,EH69 366,Range Rover Evoque,Hydrogen,2006,247476,2025-03-23
2f39638f-6d97-4767-a78a-2a7350fde5f6,Saloon,OJ85 710,Nissan Leaf,Diesel,2010,237467,2025-03-23
542f550f-aa69-4139-82be-44e1fe11a3fe,Electric,LF52 937,Ford Focus,Hybrid,2021,129033,2025-03-23
fcaca6c8-1fca-4daa-a336-dd4baaa13f8a,Saloon,KI59 236,Toyota Prius,Hydrogen,2002,144281,2025-03-23
34497ab4-bc4d-4adb-96b1-91e4559be49b,Taxi,BE80 273,Nissan Leaf,Hydrogen,2013,157005,2025-03-23
c22d5830-aedb-45df-89a3-5353abc94e70,Convertible,UV72 443,Mercedes E-Class,Electric,2017,268142,2025-03-23
dc2fe107-85ff-4ee6-97e3-20513ea7432d,Saloon,XR76 345,Ford Focus,Electric,2003,284054,2025-03-23
39245f28-f50c-4f8f-b67b-0dbb2c5659bc,Van,ZS95 748,Mercedes E-Class,Hybrid,2021,283104,2025-03-23
a207bce9-96b5-4a1b-bf4f-99332f4954fc,Taxi,SH56 385,Ford Focus,Electric,2011,229208,2025-03-23
9e9e01e3-4652-40df-afff-ad0f2225aab3,Electric,ZY36 454,Tesla Model 3,Hydrogen,2009,155840,2025-03-23
732d60b0-0928-4e64-842b-7bfb3354582a,Van,VG46 850,BMW X5,Diesel,2013,299755,2025-03-23
bec0e239-a1e0-4d61-bdb8-788048a3fe57,Taxi,RE54 332,Mercedes E-Class,Petrol,2002,40238,2025-03-23
fd29469a-b59a-48ee-aa83-b1e3b849be29,Van,MH63 894,Volkswagen Golf,Hydrogen,2023,94841,2025-03-23
7d521a5a-2e51-42e8-9eaa-01448f3a636f,Taxi,MA23 356,Mercedes E-Class,Petrol,2021,259760,2025-03-23
84605e2b-6798-4579-9cd9-fc7a0baccbaa,SUV,MO87 800,Toyota Prius,Diesel,2005,131216,2025-03-23
ac3b26e2-0d6f-49dd-912e-34180b88a1c9,Electric,FL26 832,Range Rover Evoque,Diesel,2024,128497,2025-03-23
24c89846-a812-4f96-9801-56cd09682dd9,SUV,FA28 301,Tesla Model 3,Petrol,2023,267545,2025-03-23
c0648169-3700-4915-ae55-75fdbdb1e96d,Minivan,IK50 798,Nissan Leaf,Electric,2015,58135,2025-03-23
ae38a719-73e8-4a81-b2e3-993c233091d9,Saloon,GT50 933,Audi A4,Diesel,2022,1076,2025-03-23
51fbbab0-99a0-4181-91f4-ba4b52774fac,Hatchback,YG97 364,Tesla Model 3,Hybrid,2011,237294,2025-03-23
5e96db28-4b6d-4818-8c2d-d774bc82f6e6,Taxi,UO95 596,Mercedes E-Class,Diesel,2006,226751,2025-03-23
0c29f383-4906-490e-a339-383c2c081f17,Minivan,RS36 362,Volkswagen Golf,Petrol,2018,203433,2025-03-23
8999bc5a-a20b-42ca-b3e4-5ceb65ac5372,Convertible,JJ78 761,BMW X5,Hydrogen,2008,114053,2025-03-23
466ad769-83ad-4708-b063-df12f555578e,Van,OC94 313,Nissan Leaf,Petrol,2024,168155,2025-03-23
da3ea669-b832-4a2e-91d7-6942ce9f8f80,Van,RM52 727,Ford Focus,Hybrid,2002,166208,2025-03-23
7f4c37b8-1cc2-4e12-9be9-b3e937beea09,SUV,IY51 168,Tesla Model 3,Diesel,2000,98594,2025-03-23
595d50ea-3241-4a3a-8124-82c0a7a841a1,Taxi,YP80 211,Tesla Model 3,Diesel,2007,49989,2025-03-23
209aae1d-59c0-4037-985b-52bd9bd88026,Convertible,YB49 949,Volkswagen Golf,Petrol,2019,76255,2025-03-23
ba530c57-8640-42fe-82ba-e0e2ecffeccb,Hatchback,IA63 936,Nissan Leaf,Hybrid,2011,105126,2025-03-23
588bc976-0401-4bfb-b730-8f4cf0466b1a,Minivan,BB90 889,Kia Sportage,Diesel,2006,6719,2025-03-23
fb962e3a-5334-4054-9d87-b13e6155621f,Van,UK46 596,Toyota Prius,Electric,2004,257692,2025-03-23
17514ec4-55f2-4ca4-8499-577706b03047,Taxi,AL74 369,BMW X5,Electric,2015,201222,2025-03-23
9676dfc0-0799-47c3-9817-3c03cf730761,Taxi,QC57 939,Audi A4,Petrol,2023,188750,2025-03-23
72d1522f-1554-4c81-a43e-954ffe511ccd,Hatchback,ZB19 254,BMW X5,Hydrogen,2005,128948,2025-03-23
e40d5673-505e-4bca-84ff-376c9b45bb0f,Convertible,XM32 159,Kia Sportage,Hybrid,2007,298890,2025-03-23
62e3a369-f7ba-41a5-984d-7527a254c7f0,SUV,FI13 915,Toyota Prius,Hydrogen,2003,86097,2025-03-23
d7768676-f806-40de-bab8-dc365b0570f1,Saloon,LP64 724,Nissan Leaf,Diesel,2001,11729,2025-03-23
659a7d7e-a692-43fc-b300-ff4d641b2657,Minivan,PS75 134,Volkswagen Golf,Hybrid,2016,261066,2025-03-23
1256a4c6-6e89-4d0a-aa9a-4eebcd5d9aba,SUV,LW99 565,Volkswagen Golf,Petrol,2017,185792,2025-03-23
6332e3e3-c3db-4ff9-b5d6-ffdd1dfea2ba,Taxi,TE73 555,Nissan Leaf,Electric,2001,106473,2025-03-23
bc362109-f330-4ce1-9629-f8c773dbc910,Convertible,XK98 856,Toyota Prius,Diesel,2002,130964,2025-03-23
1191f565-989f-4268-ae90-d5a06f814a30,Electric,GV52 769,Audi A4,Diesel,2008,240859,2025-03-23
90121955-7e54-4e33-8e05-5c17d123802f,SUV,BA11 375,Volkswagen Golf,Hydrogen,2017,245984,2025-03-23
9fbd394d-a024-4088-9610-969ec0677763,Saloon,YZ62 327,Tesla Model 3,Electric,2018,138392,2025-03-23
d65164bc-bfc6-4ac8-9547-40fff3dbdd36,Hatchback,LR40 343,Audi A4,Petrol,2010,72587,2025-03-23
58066886-40c8-431b-bcc7-3d2567b5991a,SUV,FW66 430,Nissan Leaf,Petrol,2003,299716,2025-03-23
8a054964-d11a-44cd-9db9-50791e0701c9,Convertible,DL22 429,Mercedes E-Class,Petrol,2017,197956,2025-03-23
89182d31-05d8-4dba-95fa-b3780a301dcc,Convertible,IW14 734,Kia Sportage,Hydrogen,2002,106916,2025-03-23
5a9abd28-60b2-4c6c-8c49-9d5b15f6cb36,Saloon,TZ91 688,Nissan Leaf,Diesel,2013,287851,2025-03-23
11629714-db01-4051-9974-4fb39fe03e8d,Taxi,DT46 470,Mercedes E-Class,Hydrogen,2003,178908,2025-03-23
0ed097f3-c7a0-4004-8fd6-1d76c864ecc6,Electric,BJ38 895,Range Rover Evoque,Diesel,2015,149856,2025-03-23
8acf6a25-4637-4d95-9c6a-935bf5522c49,Minivan,LT53 388,BMW X5,Electric,2011,236940,2025-03-23
19375f88-0591-4486-889e-a8481d9f094b,SUV,JR80 863,BMW X5,Petrol,2016,205484,2025-03-23
72e24cac-de44-437e-a7cd-a74fa9e7ce50,Convertible,CE43 502,Audi A4,Petrol,2013,271406,2025-03-23
6aeebb96-6fbc-4e5a-8cc0-0eb19b0c7153,Hatchback,ZA68 386,Ford Focus,Petrol,2009,117151,2025-03-23
206570a0-5563-4052-bf62-3f03e75542b1,SUV,KM35 189,Tesla Model 3,Electric,2006,266589,2025-03-23
d3de8f7a-2fea-4a8b-8da3-dc30bdd9b4e8,Saloon,ZB76 423,Volkswagen Golf,Electric,2003,150398,2025-03-23
e8fc54dc-713d-4b23-8363-9c352d2a7ffc,Convertible,CY85 893,Toyota Prius,Diesel,2022,45394,2025-03-23
af50114e-1fd0-475c-87ac-9adb2ebcb8ba,Minivan,EG93 670,Ford Focus,Petrol,2002,36450,2025-03-23
97ef19f8-9be1-4641-84f0-9ee20df69513,Minivan,BM47 985,Audi A4,Hybrid,2009,97128,2025-03-23
1fe00204-90a6-4bad-8160-9e75569e629f,SUV,FU25 407,Range Rover Evoque,Petrol,2005,168500,2025-03-23
570144a4-5817-48bd-ae4a-49bafd7715df,Saloon,UI59 811,Toyota Prius,Electric,2006,131217,2025-03-23
c7413ecf-03cb-48a5-97a9-66414b3997f4,Taxi,CD83 850,BMW X5,Hydrogen,2016,98337,2025-03-23
e175ebf9-9970-4ddf-8270-6ec2e436bdd0,Saloon,GB33 675,Toyota Prius,Hydrogen,2004,151270,2025-03-23
03cfadf2-e57b-4343-be60-8a84a0dd795a,Van,MV99 574,BMW X5,Petrol,2014,205069,2025-03-23
134b67a7-aa2c-4830-bc52-930d761ec6bc,Hatchback,KR98 865,Toyota Prius,Electric,2006,290062,2025-03-23
e44dfb80-0a56-437a-b140-2c0f9ab0fe2a,Hatchback,TP59 627,Nissan Leaf,Petrol,2001,62576,2025-03-23
ac6eb159-dfdb-403f-9600-0aa9ee1c1415,Hatchback,TI20 634,Nissan Leaf,Hydrogen,2004,161930,2025-03-23
6ae03f00-3396-437e-a54d-4e069a43da09,Minivan,DZ81 761,Toyota Prius,Hydrogen,2012,117762,2025-03-23
3ad86810-606d-46af-8c1d-2855414a6353,SUV,QK80 999,Kia Sportage,Hydrogen,2014,10652,2025-03-23
945b2e27-4b2b-4562-acf7-b93f19d626cf,Van,RY89 406,Range Rover Evoque,Hydrogen,2004,58978,2025-03-23
1b4d1d09-aaa4-479c-9014-b73623d3bca5,Taxi,DX96 920,Audi A4,Petrol,2019,296583,2025-03-23
56e2fc2e-37c4-43a6-8256-20f7a85c74a5,SUV,VH86 897,Kia Sportage,Petrol,2022,250700,2025-03-23
b9c2dc5b-6878-4377-8b76-edc5e8acfdb2,Minivan,LJ63 798,Tesla Model 3,Hybrid,2000,221684,2025-03-23
b994a904-bbdf-4972-8b70-a8fea8959457,Minivan,PT16 514,Toyota Prius,Petrol,2016,168044,2025-03-23
d46f3380-3fd4-439a-bdc5-2b439228252f,Saloon,HD77 497,Ford Focus,Electric,2024,226470,2025-03-23
3bf6affe-5aa6-41ac-87d2-fc2b0ac60770,SUV,DG73 770,BMW X5,Hybrid,2003,226751,2025-03-23
81d9f1cf-8a8a-4c0e-9ae7-3b5cedbb512d,Convertible,BK30 219,Volkswagen Golf,Diesel,2000,190357,2025-03-23
57dd6ca8-ec9a-4176-87c1-375a79a5da73,Minivan,SV39 625,Tesla Model 3,Petrol,2007,150257,2025-03-23
84afde85-7c29-4aa5-bb22-829d4cc2a913,Taxi,GP94 666,Volkswagen Golf,Hybrid,2019,166250,2025-03-23
5bc5702f-9a8c-4017-b62f-8c3df581baa4,Electric,SM59 941,Range Rover Evoque,Electric,2005,13276,2025-03-23
6aad7cf7-f230-4e5c-b230-871a8d97e018,SUV,VX85 148,Nissan Leaf,Electric,2009,191803,2025-03-23
18b6bbe6-c4bc-46db-b19f-bc89bd8ec73e,Convertible,PG50 255,Ford Focus,Hybrid,2022,25371,2025-03-23
3251ced3-8e7f-4fac-ae50-2a34c06ba6fe,Convertible,BH12 584,Nissan Leaf,Hybrid,2008,270011,2025-03-23
8a21b1e9-364f-48a0-aee6-eb1fd51efd5e,Hatchback,SV15 615,Tesla Model 3,Diesel,2013,271098,2025-03-23
1aab957c-a29c-4a73-81aa-36b828d0a490,Convertible,LG47 131,BMW X5,Petrol,2000,298829,2025-03-23
e40fe787-aa1f-4aaa-8733-0f7ff5c126a8,Hatchback,ZE30 538,Toyota Prius,Hybrid,2020,13942,2025-03-23
a1c370d1-5992-4694-8234-b400c9d07bc7,Electric,DH48 657,Nissan Leaf,Hybrid,2009,170972,2025-03-23
27077f98-e412-4587-bc59-8bb5e709ff6d,Convertible,OC44 858,Mercedes E-Class,Electric,2020,229390,2025-03-23
b11deda9-b23a-4c40-9061-6aa35e8898ef,Convertible,JS23 602,Ford Focus,Diesel,2015,256989,2025-03-23
a566a216-4902-402f-a400-340f00cce882,Saloon,KN20 367,Volkswagen Golf,Petrol,2004,125668,2025-03-23
c59eb318-eebb-47ef-b89d-687062a7bd5a,SUV,JD75 125,Volkswagen Golf,Petrol,2012,288015,2025-03-23
117de2e6-1336-4cfa-8514-9d263293faf7,SUV,UX38 701,Volkswagen Golf,Hydrogen,2004,91820,2025-03-23
52cf93f0-a51a-4808-9ddb-ca523367e770,Hatchback,KL60 520,Kia Sportage,Diesel,2005,173043,2025-03-23
8bf1f536-b983-4edd-ae70-0c59c2012e37,Van,FC99 602,Range Rover Evoque,Hydrogen,2021,231770,2025-03-23
138359ed-ee38-4669-b153-8f71eb13944e,Minivan,ND43 905,Range Rover Evoque,Diesel,2007,6846,2025-03-23
850d2924-96ec-447d-ae05-460b813a512b,Taxi,IA85 674,Ford Focus,Diesel,2019,264225,2025-03-23
1ea32794-3937-4ea2-a6a8-5ca1daf9c6fa,Minivan,WT95 976,Range Rover Evoque,Diesel,2021,144671,2025-03-23
08b7a133-8f4f-4bc5-a39f-4933436dd10d,Hatchback,IO11 552,Volkswagen Golf,Hydrogen,2009,139462,2025-03-23
a64acfca-1a81-403b-bbb7-852466837733,Saloon,LC20 322,Mercedes E-Class,Electric,2014,188237,2025-03-23
a04fe3b8-2e40-45c8-a9ea-5c2bc262f1dc,SUV,CS82 253,Volkswagen Golf,Hydrogen,2002,145027,2025-03-23
0e567761-0636-45fa-9a6e-777a478c9b0c,Taxi,IM81 310,Kia Sportage,Electric,2024,154715,2025-03-23
364dccd7-c9a2-483b-87d1-b8da8a36f9b4,SUV,DN76 276,Ford Focus,Hybrid,2000,126114,2025-03-23
ed01fb8c-8b6b-4a06-ad13-2a7e38b9c65e,Taxi,KP63 381,BMW X5,Hydrogen,2011,75911,2025-03-23
4fdf2808-872b-4a62-8a3e-83d6c9e63aab,Taxi,BX10 884,Kia Sportage,Hybrid,2016,294784,2025-03-23
b819e5b1-72eb-4571-a7b2-935b77c2cc80,SUV,DL34 176,Mercedes E-Class,Hybrid,2016,159438,2025-03-23
3c19c309-e9c1-44be-be14-78e64933b3a1,SUV,EA22 499,Audi A4,Hydrogen,2008,129150,2025-03-23
4cc8cb08-2750-4c6a-9b5d-cfee210b1728,Electric,LC22 204,Mercedes E-Class,Electric,2024,28909,2025-03-23
3e6d273a-30f8-4bc3-9bde-6bd787371ade,Hatchback,LT57 195,Audi A4,Hybrid,2015,63630,2025-03-23
287f5a85-2013-4284-b846-46339fb45d37,Saloon,HA69 920,Nissan Leaf,Petrol,2024,245003,2025-03-23
88adfd7a-3dbe-4d69-bdc7-c8b89a9d59c9,Hatchback,TJ33 623,Tesla Model 3,Hybrid,2001,126919,2025-03-23
b71bccda-bbc1-4e8c-907e-4b5495189cff,Taxi,CR25 758,Range Rover Evoque,Hydrogen,2020,122285,2025-03-23
0ef83dd1-c346-4150-9119-68b8847dda3d,Electric,FZ64 986,Ford Focus,Hybrid,2003,174849,2025-03-23
fa9bb975-5c4e-43eb-a64c-0bcc98e5ac43,SUV,HW18 922,BMW X5,Electric,2015,207564,2025-03-23
f2a8c797-2d06-4e8e-9930-7f9e4efdb75e,Taxi,YK29 618,Ford Focus,Petrol,2002,197284,2025-03-23
2cd87a76-0901-441b-bd66-63e2d3df91f4,Convertible,IG56 388,Audi A4,Petrol,2012,115304,2025-03-23
6cccbc9c-e6f9-4734-8b4e-46a11295b3eb,Hatchback,YS36 810,Nissan Leaf,Hybrid,2009,290232,2025-03-23
2a70e18e-fcc9-41b5-aa69-a6811ea8869f,Hatchback,TU98 870,Range Rover Evoque,Hydrogen,2004,234831,2025-03-23
fede4cb4-fb00-47ea-92b1-f787fda51f1d,Convertible,BB16 539,Toyota Prius,Petrol,2024,80333,2025-03-23
84a40672-2abb-408b-8b45-4073c34bb923,Minivan,CG65 654,BMW X5,Hydrogen,2014,91975,2025-03-23
8c8e2378-abb3-4c6c-9d12-a055f9c66c66,Convertible,MC34 256,Range Rover Evoque,Petrol,2024,250584,2025-03-23
265a70bc-74b0-4cc5-a1b9-dfed523d5cea,SUV,TG21 328,Kia Sportage,Diesel,2012,165801,2025-03-23
fb5ac7ea-d776-4757-a4a2-a4f8fa0983d5,Hatchback,DS64 604,Mercedes E-Class,Hydrogen,2008,72208,2025-03-23
9e5a4b67-58a1-4d22-ae81-355e8aecce90,Hatchback,JG76 119,Toyota Prius,Electric,2017,50701,2025-03-23
7b2deabb-0ecf-4614-bd3d-365ad8362719,Minivan,VT67 213,BMW X5,Hybrid,2008,215798,2025-03-23
d5036442-ab69-4d72-9eee-42e26d4c6294,Hatchback,WE56 828,Mercedes E-Class,Diesel,2009,71200,2025-03-23
ec913a3a-561a-4028-90ad-cf6bd428d608,Hatchback,VU26 536,Nissan Leaf,Hybrid,2008,114946,2025-03-23
d3b42d28-67f8-4453-9afd-8b2f534396c7,Electric,UA14 662,Range Rover Evoque,Petrol,2019,6712,2025-03-23
2278400c-96da-457a-adca-fafc60b9ed7e,Taxi,ZL25 115,BMW X5,Electric,2008,121096,2025-03-23
bfc07c8e-5051-404f-8510-e5230f11b0d5,Van,OV21 887,Kia Sportage,Electric,2023,260923,2025-03-23
fb5beee8-cbfe-431b-bcb5-9a31b97afd98,Convertible,PJ21 897,Kia Sportage,Diesel,2018,273320,2025-03-23
a709a411-ee9b-479e-a0cf-1361453a65e8,Hatchback,KX72 399,BMW X5,Diesel,2001,75210,2025-03-23
2f57c6d6-bac1-44ab-bfcf-8068ae7fd159,Van,JD23 343,Volkswagen Golf,Diesel,2022,146428,2025-03-23
b7b50017-b9f3-40d7-8545-e54abc07314d,Minivan,RM14 959,Range Rover Evoque,Hydrogen,2013,41923,2025-03-23
c78f5388-a881-46c0-a29a-6fa84ade25e8,Electric,JL15 169,Nissan Leaf,Diesel,2015,178087,2025-03-23
fee7f764-08cd-42e5-9e04-ca82b8066eb3,Taxi,LD79 265,Nissan Leaf,Electric,2003,116889,2025-03-23
75734e3b-57e2-44fe-b781-1b74bd9a8e6a,Van,KB27 180,BMW X5,Petrol,2001,185744,2025-03-23
f4bebaa9-32d4-44f3-80e3-32546243a1ed,Hatchback,DC96 290,Range Rover Evoque,Hydrogen,2024,224007,2025-03-23
790802a1-5517-482d-8b6a-0abb919c9298,Taxi,GI11 355,Nissan Leaf,Diesel,2022,48242,2025-03-23
6a80e249-a5ba-4a0d-9d01-08d48e11cb9b,Minivan,BP43 516,BMW X5,Hydrogen,2016,269766,2025-03-23
ad56ab80-06e6-40fc-9140-410f5dfdd8f7,Minivan,LJ14 254,BMW X5,Electric,2021,123937,2025-03-23
0f244c98-de03-40fb-87b3-5b235fcf1030,Convertible,GZ21 701,Toyota Prius,Diesel,2010,118991,2025-03-23
3b48f9a1-45cd-4c89-88b5-287a6e31893a,Hatchback,RV72 878,Tesla Model 3,Diesel,2014,99821,2025-03-23
fa30bca8-e81b-469e-8185-5956e804e351,Convertible,HK19 854,BMW X5,Diesel,2005,23704,2025-03-23
9230db02-393f-4cd1-a031-36c6f1226633,Taxi,BV48 942,Tesla Model 3,Hybrid,2024,281075,2025-03-23
28f87b50-1234-4021-bb0b-178370120328,Electric,YE59 821,Kia Sportage,Hybrid,2001,160805,2025-03-23
cf6d43b1-0f20-480c-ade5-b8cd14d006c4,Minivan,YF62 626,Mercedes E-Class,Petrol,2011,141434,2025-03-23
c1da5313-9d50-4063-8f2b-1c5a6d75c29f,Electric,GA90 372,Ford Focus,Diesel,2015,151456,2025-03-23
c193dc3f-9d60-4473-8aa5-e9e865bfeb1f,Van,XJ30 634,Nissan Leaf,Diesel,2021,87213,2025-03-23
31e8636b-9720-459c-8e87-b9f5f2830b1f,Electric,JE85 513,Nissan Leaf,Hybrid,2024,132331,2025-03-23
3cb2cc8f-36c0-4b78-8a57-dd7b25f66646,Electric,IU99 161,Mercedes E-Class,Petrol,2016,159629,2025-03-23
50ea67f3-5b70-4308-89aa-b1e9ae410723,Electric,LM47 925,Audi A4,Petrol,2002,76813,2025-03-23
fa7366dc-add8-4f84-b394-08ca75a283de,SUV,DD34 887,Range Rover Evoque,Petrol,2016,169528,2025-03-23
f30419c7-e20c-4581-afc3-f15ac1507a91,Electric,KR29 835,Audi A4,Hydrogen,2016,52450,2025-03-23
22d3f97f-f939-4bab-9bd3-62dac2ec1651,Hatchback,RQ52 107,Toyota Prius,Hybrid,2020,80980,2025-03-23
d1228047-4baa-4133-85e2-349c6a36c1bd,Minivan,IM97 719,Ford Focus,Hybrid,2012,189572,2025-03-23
0599d66c-9b4b-47d9-b53f-b63d76e924ba,Convertible,RY16 859,Volkswagen Golf,Hybrid,2012,23771,2025-03-23
395c0d0d-4caa-467d-835f-c6e149318d26,SUV,KF59 383,Mercedes E-Class,Hybrid,2000,241517,2025-03-23
841dc7d5-93f7-4523-a3c6-6dd735f8f4c5,Saloon,ZW64 624,Ford Focus,Diesel,2017,179493,2025-03-23
62b0b115-3d07-45f9-a00d-169a735c5901,Minivan,SR81 611,Kia Sportage,Petrol,2008,146331,2025-03-23
5efa7b30-7281-4ca5-81d1-97f6d9acb291,Electric,MA52 762,BMW X5,Diesel,2002,111252,2025-03-23
e5794ed1-8f39-4bbd-a99d-de3f24d7c251,SUV,IU37 710,Audi A4,Hydrogen,2001,127579,2025-03-23
bebaa3c0-02ce-4b59-8fb9-b0159643b11e,Van,HD26 448,Toyota Prius,Petrol,2003,13717,2025-03-23
315b6629-99c4-4fd5-9d4a-860b32e20643,Electric,UG76 542,Nissan Leaf,Hydrogen,2021,138784,2025-03-23
32784bbf-5675-4b04-b29d-d196a6faca52,Van,VQ23 713,Volkswagen Golf,Petrol,2005,160805,2025-03-23
66a580b8-3bf3-403e-829b-624f9302be42,Electric,QB66 835,Nissan Leaf,Electric,2020,39553,2025-03-23
e21f3ad9-d27a-485f-a880-aeb8974b8c9b,SUV,WY91 604,Ford Focus,Petrol,2013,241332,2025-03-23
cea2d450-e009-4abb-bfc0-7c337ef2f745,Minivan,BY76 759,Ford Focus,Diesel,2004,204298,2025-03-23
cea2d450-e009-4abb-bfc0-7c337ef2f745,Minivan,BY76 759,Ford Focus,Diesel,2004,204298,2025-04-17
